Acct,Ticker,Currency,Margin %,Date,Trans Type,Shares,Strike/Price,Expiry,Net Gains,Notes
PAPER,YZINV,CAD,0,2021-09-28,Cash,0,0,9999-12-31,"-10,000.00",Invest - FX Conversion
PAPER,YZINV,USD,0,2021-09-28,Cash,0,0,9999-12-31,"7,774.10",Invest - FX Conversion
PAPER,YZINV,CAD,0,2021-09-28,Cash,0,0,9999-12-31,"10,000.00",Invest - Pre Convert
LOC,LOC,CAD,0,2021-09-28,LOC,0,0,9999-12-31,"96,008.00",LOC - Assumed Starting Balance
PAPER,YZINV,CAD,0,2021-10-01,Cash,0,0,9999-12-31,"-20,000.00",Invest - FX Conversion
PAPER,YZINV,USD,0,2021-10-01,Cash,0,0,9999-12-31,"15,618.90",Invest - FX Conversion
PAPER,YZINV,CAD,0,2021-10-01,Cash,0,0,9999-12-31,"20,000.00",Invest - Pre Convert
PAPER,FAZ,USD,1,2021-10-04,Call,100,20,2022-01-21,373.79,
PAPER,PYPL,USD,0.3,2021-10-07,Put,100,260,2021-11-05,983.79,
PAPER,MSFT,USD,0.3,2021-10-18,Put,100,305,2021-11-19,818.79,
PAPER,PYPL,USD,0.3,2021-10-25,Put,-100,260,2021-11-05,"-2,033.20",
PAPER,PYPL,USD,0.3,2021-10-25,Put,100,260,2022-01-21,"2,648.78",
LOC,LOC,CAD,0,2021-10-28,LOC,0,0,9999-12-31,"2,000.00",LOC - Regular Payments
PAPER,MSFT,USD,0.3,2021-11-05,Put,-100,305,2021-11-19,-44.2,
PAPER,MSFT,USD,0.3,2021-11-05,Put,100,340,2021-12-17,"1,133.79",
LOC,LOC,CAD,0,2021-11-27,LOC,0,0,9999-12-31,"2,000.00",LOC - Regular Payments
PAPER,YZINV,CAD,0,2021-12-06,Cash,0,0,9999-12-31,"3,000.00",Invest - Pre Convert
PAPER,MSFT,USD,0.3,2021-12-16,Put,-100,340,2021-12-17,"-1,411.20",
PAPER,MSFT,USD,0.3,2021-12-16,Put,100,340,2022-02-18,"2,323.78",
LOC,LOC,CAD,0,2021-12-27,LOC,0,0,9999-12-31,"2,000.00",LOC - Regular Payments
PAPER,YZINV,CAD,0,2022-01-18,Cash,0,0,9999-12-31,"5,000.00",Invest - Pre Convert
PAPER,PYPL,USD,0.3,2022-01-21,Put,-100,260,2022-01-21,"-9,539.20",
PAPER,FAZ,USD,1,2022-01-21,Call,-100,20,2022-01-21,-208.16,
PAPER,PYPL,USD,0.3,2022-01-24,Put,100,260,2022-07-15,"9,596.75",
LOC,LOC,CAD,0,2022-01-26,LOC,0,0,9999-12-31,"2,000.00",LOC - Regular Payments
PAPER,FAZ,USD,1,2022-01-26,Call,100,16,2022-04-16,303.79,
PAPER,PYPL,USD,0.3,2022-02-04,Put,-100,260,2022-07-15,0,
PAPER,PYPL,USD,0.3,2022-02-04,Stk,100,0,9999-12-31,"-26,008.20",
PAPER,YZINV,CAD,0,2022-02-16,Cash,0,0,9999-12-31,"10,000.00",Invest - Pre Convert
PAPER,MSFT,USD,0.3,2022-02-18,Put,-100,340,2022-02-18,"-4,953.20",
PAPER,MSFT,USD,0.3,2022-02-18,Put,100,340,2022-08-19,"5,564.77",
PAPER,PYPL,USD,0.3,2022-02-22,Call,100,155,2022-07-15,143.79,
LOC,LOC,CAD,0,2022-02-25,LOC,0,0,9999-12-31,"2,000.00",LOC - Regular Payments
LOC,LOC,CAD,0,2022-03-27,LOC,0,0,9999-12-31,"2,000.00",LOC - Regular Payments
PAPER,FAZ,USD,1,2022-04-16,Call,-100,16,2022-04-16,-473.2,
PAPER,FAZ,USD,1,2022-04-18,Call,100,16,2022-06-17,480.79,
LOC,LOC,CAD,0,2022-04-26,LOC,0,0,9999-12-31,"2,000.00",LOC - Regular Payments
PAPER,YZINV,CAD,0,2022-04-28,Cash,0,0,9999-12-31,"2,000.00",Invest - Pre Convert
LOC,LOC,CAD,0,2022-05-26,LOC,0,0,9999-12-31,"2,000.00",LOC - Regular Payments
PAPER,YZINV,CAD,0,2022-06-15,Cash,0,0,9999-12-31,"5,000.00",Invest - Pre Convert
PAPER,MSFT,USD,0.3,2022-06-16,Put,-100,340,2022-08-19,"-9,094.72",
PAPER,MSFT,USD,0.3,2022-06-16,Put,100,340,2023-09-15,"9,333.58",
PAPER,FAZ,USD,1,2022-06-17,Call,-100,16,2022-06-17,"-1,622.20",
PAPER,FAZ,USD,1,2022-06-21,Call,100,16,2022-10-21,"1,618.76",
LOC,LOC,CAD,0,2022-06-25,LOC,0,0,9999-12-31,"2,000.00",LOC - Regular Payments
PAPER,PYPL,USD,0.3,2022-07-15,Call,-100,155,2022-07-15,0,
LOC,LOC,CAD,0,2022-07-25,LOC,0,0,9999-12-31,"2,000.00",LOC - Regular Payments
LOC,LOC,CAD,0,2022-08-24,LOC,0,0,9999-12-31,"2,000.00",LOC - Regular Payments
PAPER,PYPL,USD,0.3,2022-09-15,Call,100,130,2022-11-18,86.79,
LOC,LOC,CAD,0,2022-09-23,LOC,0,0,9999-12-31,"2,000.00",LOC - Regular Payments
PAPER,FAZ,USD,1,2022-10-05,Call,-100,16,2022-10-21,-891.2,
PAPER,FAZ,USD,1,2022-10-05,Call,100,16,2023-06-16,999.77,
LOC,LOC,CAD,0,2022-10-23,LOC,0,0,9999-12-31,"2,000.00",LOC - Regular Payments
PAPER,PYPL,USD,0.3,2022-11-18,Call,-100,130,2022-11-18,0,
LOC,LOC,CAD,0,2022-11-22,LOC,0,0,9999-12-31,"2,000.00",LOC - Regular Payments
PAPER,MSFT,USD,0.3,2022-11-25,Put,-100,340,2023-09-15,"-9,264.68",
PAPER,MSFT,USD,0.3,2022-11-25,Put,100,340,2023-09-15,"9,178.58",
PAPER,MSFT,USD,0.3,2022-11-25,Put,-100,340,2023-09-15,"-9,893.71",
PAPER,MSFT,USD,0.3,2022-11-30,Put,100,340,2023-09-15,"9,893.57",
PAPER,MSFT,USD,0.3,2022-12-07,Put,-100,340,2023-09-15,"-9,522.72",
PAPER,MSFT,USD,0.3,2022-12-07,Put,100,340,2023-09-15,"9,523.58",
PAPER,MSFT,USD,0.3,2022-12-08,Put,-100,340,2023-09-15,"-9,453.72",
PAPER,YZINV,CAD,0,2022-12-09,Cash,0,0,9999-12-31,"10,000.00",Invest - Pre Convert
PAPER,MSFT,USD,0.3,2022-12-12,Put,200,300,2023-03-17,"10,992.29",
PAPER,MSFT,USD,0.3,2022-12-21,Put,-200,300,2023-03-17,"-12,015.50",
PAPER,MSFT,USD,0.3,2022-12-21,Put,200,300,2023-06-16,"12,292.26",
PAPER,PYPL,USD,0.3,2022-12-21,Call,100,85,2023-03-17,178.79,
LOC,LOC,CAD,0,2022-12-22,LOC,0,0,9999-12-31,"2,000.00",LOC - Regular Payments
PAPER,MSFT,USD,0.3,2023-01-09,Put,-200,300,2023-06-16,"-13,935.46",
PAPER,MSFT,USD,0.3,2023-01-09,Put,200,300,2023-06-16,"13,932.23",
PAPER,YZINV,CAD,0,2023-01-10,Cash,0,0,9999-12-31,"-20,000.00",Invest - FX Conversion
PAPER,YZINV,USD,0,2023-01-10,Cash,0,0,9999-12-31,"14,687.89",Invest - FX Conversion
PAPER,MSFT,USD,0.3,2023-01-11,Put,-200,300,2023-06-16,"-14,237.45",
PAPER,MSFT,USD,0.3,2023-01-11,Put,200,300,2023-06-16,"14,242.22",
PAPER,Other,USD,0,2023-01-16,Int / Tax,0,0,2023-01-16,-35.66,Operational Loss - Negative balance due to bad MSFT management
LOC,LOC,CAD,0,2023-01-21,LOC,0,0,9999-12-31,"2,000.00",LOC - Regular Payments
LOC,LOC,CAD,0,2023-02-20,LOC,0,0,9999-12-31,"2,000.00",LOC - Regular Payments
PAPER,PYPL,USD,0.3,2023-03-17,Call,-100,85,2023-03-17,0,
LOC,LOC,CAD,0,2023-03-22,LOC,0,0,9999-12-31,"2,000.00",LOC - Regular Payments
PAPER,PYPL,USD,0.3,2023-03-30,Call,100,100,2023-09-15,138.79,
LOC,LOC,CAD,0,2023-04-21,LOC,0,0,9999-12-31,"2,000.00",LOC - Regular Payments
LOC,LOC,CAD,0,2023-05-21,LOC,0,0,9999-12-31,"2,000.00",LOC - Regular Payments
PAPER,FAZ,USD,1,2023-05-30,Call,-100,16,2023-06-16,-646.2,
PAPER,FAZ,USD,1,2023-05-30,Call,100,16,2023-10-20,663.79,
PAPER,MSFT,USD,0.3,2023-06-16,Put,-200,300,2023-06-16,0,
LOC,LOC,CAD,0,2023-06-20,LOC,0,0,9999-12-31,"2,000.00",LOC - Regular Payments
PAPER,Other,USD,0,2023-06-20,Int / Tax,0,0,2023-06-20,-40.8,Operational Loss - Withholding Tax? Wtf is this?
PAPER,PG,USD,0.3,2023-06-26,Put,100,150,2023-08-18,428.79,
PAPER,WMT,USD,0.3,2023-06-26,Put,100,160,2023-08-18,583.79,
PAPER,CASH.TO,CAD,0.3,2023-07-17,Stk,299,0,9999-12-31,"-14,992.82",
PAPER,PSU.U,USD,0.3,2023-07-17,Stk,231,0,9999-12-31,"-23,171.96",
LOC,LOC,CAD,0,2023-07-20,LOC,0,0,9999-12-31,"2,000.00",LOC - Regular Payments
PAPER,AMZN,USD,0.3,2023-07-24,Put,200,135,2023-10-20,"2,062.53",
PAPER,Other,CAD,0.3,2023-08-08,Div,0,0,9999-12-31,66.08,Dividends - CASH.TO
PAPER,Other,USD,0.3,2023-08-08,Div,0,0,9999-12-31,97.02,Dividends - PSU.U
PAPER,WMT,USD,0.3,2023-08-17,Put,-100,160,2023-08-18,-324.2,
PAPER,WMT,USD,0.3,2023-08-17,Put,100,160,2023-09-15,411.79,
PAPER,PG,USD,0.3,2023-08-18,Put,-100,150,2023-08-18,0,
LOC,LOC,CAD,0,2023-08-19,LOC,0,0,9999-12-31,"2,000.00",LOC - Regular Payments
PAPER,WMT,USD,0.3,2023-08-21,Put,100,160,2023-09-15,333.79,
PAPER,Other,CAD,0.3,2023-09-08,Div,0,0,9999-12-31,67.28,Dividends - CASH.TO
PAPER,Other,USD,0.3,2023-09-08,Div,0,0,9999-12-31,115.82,Dividends - PSU.U
PAPER,WMT,USD,0.3,2023-09-12,Put,-200,160,2023-09-15,-25.45,
PAPER,AMZN,USD,0.3,2023-09-12,Put,200,145,2023-11-17,"1,802.53",
PAPER,AAPL,USD,0.3,2023-09-12,Put,100,180,2023-10-20,593.79,
PAPER,PG,USD,0.3,2023-09-14,Put,100,150,2023-10-20,168.79,
PAPER,PYPL,USD,0.3,2023-09-15,Call,-100,100,2023-09-15,0,
LOC,LOC,CAD,0,2023-09-18,LOC,0,0,9999-12-31,"2,000.00",LOC - Regular Payments
PAPER,PYPL,USD,0.3,2023-09-18,Cap Gains,0,0,9999-12-31,"-19,672.21","Massive Loss, Never Again"
PAPER,AAPL,USD,0.3,2023-09-18,Put,-100,180,2023-10-20,-426.2,
PAPER,PYPL,USD,0.3,2023-09-18,Stk,-100,0,9999-12-31,"26,008.20",
PAPER,BAC,USD,0.3,2023-09-18,Put,800,27.5,2023-10-20,273.04,
PAPER,PSU.U,USD,0.3,2023-09-27,Stk,-231,0,9999-12-31,"23,171.96",
PAPER,PSU.U,USD,0.3,2023-09-27,Cap Gains,0,0,9999-12-31,17.8,
PAPER,CASH.TO,CAD,0.3,2023-09-27,Stk,-299,0,9999-12-31,"14,992.82",
PAPER,CASH.TO,CAD,0.3,2023-09-27,Cap Gains,-299,0,9999-12-31,7.05,
PAPER,MSFT,USD,0.3,2023-09-28,Put,100,325,2023-10-20,"1,413.78",
PAPER,MSFT,USD,0.3,2023-09-28,Put,100,330,2023-10-20,"1,793.78",
PAPER,YZINV,CAD,0,2023-09-29,Cash,0,0,9999-12-31,"15,736.05",Invest - Pre Convert (CM Shares)
LOC,LOC,CAD,0,2023-10-18,LOC,0,0,9999-12-31,"2,000.00",LOC - Regular Payments
PAPER,MSFT,USD,0.3,2023-10-18,Put,-100,325,2023-10-20,-64.2,
PAPER,MSFT,USD,0.3,2023-10-18,Put,-100,330,2023-10-20,-163.2,
PAPER,AMZN,USD,0.3,2023-10-19,Put,-200,135,2023-10-20,"-1,211.45",
PAPER,AMZN,USD,0.3,2023-10-19,Put,200,135,2023-11-17,"1,832.53",
PAPER,PG,USD,0.3,2023-10-19,Put,-100,150,2023-10-20,-179.2,
PAPER,PG,USD,0.3,2023-10-19,Put,100,150,2023-11-17,310.79,
PAPER,FAZ,USD,1,2023-10-19,Call,-100,16,2023-10-20,-426.2,
PAPER,FAZ,USD,1,2023-10-19,Call,100,16,2024-01-19,443.79,
PAPER,BAC,USD,0.3,2023-10-20,Put,-800,27.5,2023-10-20,-942.95,
PAPER,BAC,USD,0.3,2023-10-20,Put,800,28,2023-11-17,"1,441.03",
PAPER,WMT,USD,0.3,2023-10-20,Put,200,160,2023-11-17,742.54,
PAPER,GOOG,USD,0.3,2023-10-25,Put,300,135,2023-11-17,"2,211.28",
PAPER,Other,CAD,0.3,2023-10-27,Div,0,0,9999-12-31,258.39,Dividends - CM
PAPER,AMZN,USD,0.3,2023-11-06,Put,-200,135,2023-11-17,-183.45,
PAPER,LOW,USD,0.3,2023-11-06,Put,200,190,2023-12-15,"1,052.53",
PAPER,CSX,USD,0.3,2023-11-06,Put,500,30,2023-12-15,338.79,
PAPER,GOOG,USD,0.3,2023-11-16,Put,-300,135,2023-11-17,-29.7,
PAPER,EL,USD,0.3,2023-11-16,Put,200,125,2023-12-15,"1,172.54",
PAPER,DG,USD,0.3,2023-11-16,Put,200,120,2023-12-15,"1,414.53",
LOC,LOC,CAD,0,2023-11-17,LOC,0,0,9999-12-31,"2,000.00",LOC - Regular Payments
PAPER,FAZ,USD,1,2023-11-17,Call,-100,16,2024-01-19,-176.2,
PAPER,PG,USD,0.3,2023-11-17,Put,-100,150,2023-11-17,0,
PAPER,BAC,USD,0.3,2023-11-17,Put,-800,28,2023-11-17,0,
PAPER,WMT,USD,0.3,2023-11-17,Put,-200,160,2023-11-17,-759.45,
PAPER,WMT,USD,0.3,2023-11-17,Put,200,160,2023-12-15,952.54,
PAPER,AMZN,USD,0.3,2023-11-17,Put,-200,145,2023-11-17,-147.45,
PAPER,ENPH,USD,0.3,2023-11-21,Put,300,100,2023-12-15,"1,746.28",
PAPER,ALB,USD,0.3,2023-11-27,Put,200,120,2023-12-15,892.54,
PAPER,LOW,USD,0.3,2023-12-01,Put,-200,190,2023-12-15,-97.45,
PAPER,CSX,USD,0.3,2023-12-01,Put,-500,30,2023-12-15,-36.2,
PAPER,GOOG,USD,0.3,2023-12-01,Put,300,135,2023-12-15,"1,026.29",
PAPER,GOOG,USD,0.3,2023-12-04,Put,200,135,2023-12-15,992.54,
PAPER,EL,USD,0.3,2023-12-04,Put,-200,125,2023-12-15,-77.45,
PAPER,AMZN,USD,0.3,2023-12-04,Put,200,145,2023-12-15,492.54,
PAPER,DG,USD,0.3,2023-12-08,Put,-200,120,2023-12-15,-27.45,
PAPER,WMT,USD,0.3,2023-12-08,Put,-200,160,2023-12-15,"-1,737.65",
PAPER,WMT,USD,0.3,2023-12-08,Put,200,160,2024-02-16,"1,752.53",
PAPER,ISRG,USD,0.3,2023-12-08,Put,100,310,2024-01-19,"1,093.79",
PAPER,ENPH,USD,0.3,2023-12-14,Put,-300,100,2023-12-15,-32.7,
PAPER,AMZN,USD,0.3,2023-12-14,Put,200,150,2024-01-19,992.54,
PAPER,DG,USD,0.3,2023-12-14,Put,200,130,2024-01-19,912.54,
PAPER,ALB,USD,0.3,2023-12-14,Put,-200,120,2023-12-15,0,
PAPER,AMZN,USD,0.3,2023-12-14,Put,-200,145,2023-12-15,0,
PAPER,GOOG,USD,0.3,2023-12-15,Put,-500,135,2023-12-15,-611.2,
PAPER,MSFT,USD,0.3,2023-12-15,Put,200,380,2024-01-19,"2,432.53",
LOC,LOC,CAD,0,2023-12-17,LOC,0,0,9999-12-31,"2,000.00",LOC - Regular Payments
PAPER,EL,USD,0.3,2023-12-18,Put,300,145,2024-01-19,"1,851.28",
PAPER,YZINV,CAD,0,2023-12-21,Cash,0,0,9999-12-31,"-31,134.85",Invest - FX Conversion
PAPER,YZINV,USD,0,2023-12-21,Cash,0,0,9999-12-31,"23,019.93",Invest - FX Conversion
LOC,LOC,CAD,0,2024-01-10,LOC,0,0,9999-12-31,"-21,389.83",LOC - Net Impacts Over Time
LOC,LOC,CAD,0,2024-01-10,LOC,0,0,9999-12-31,"-2,000.00",Short Term Juicing - LOC
PAPER,YZINV,CAD,0,2024-01-10,Cash,0,0,9999-12-31,"2,000.00",Short Term Juicing
PAPER,ISRG,USD,0.3,2024-01-10,Put,-100,310,2024-01-19,-11.2,
PAPER,NKE,USD,0.3,2024-01-10,Put,400,105,2024-02-16,"1,210.04",
LOC,LOC,CAD,0,2024-01-16,LOC,0,0,9999-12-31,"2,000.00",LOC - Regular Payments
PAPER,EL,USD,0.3,2024-01-16,Put,-100,145,2024-01-19,"-1,968.26",
PAPER,EL,USD,0.3,2024-01-16,Put,100,145,2024-02-16,"2,093.78",
PAPER,MSFT,USD,0.3,2024-01-16,Put,-200,380,2024-01-19,-87.45,
PAPER,MKC,USD,0.3,2024-01-16,Put,"1,100",65,2024-02-16,"2,258.28",
PAPER,WMT,USD,0.3,2024-01-17,Put,-200,160,2024-02-16,-335.45,
PAPER,GOOG,USD,0.3,2024-01-17,Put,200,145,2024-02-16,"1,392.53",
PAPER,DG,USD,0.3,2024-01-17,Put,-200,130,2024-01-19,-33.45,
PAPER,AMZN,USD,0.3,2024-01-17,Put,200,155,2024-02-16,"1,572.53",
PAPER,EL,USD,0.3,2024-01-17,Put,-200,145,2024-01-19,"-4,013.45",
PAPER,EL,USD,0.3,2024-01-17,Put,200,145,2024-02-16,"4,198.51",
PAPER,AMZN,USD,0.3,2024-01-19,Put,-200,150,2024-01-19,-11.45,
PAPER,DG,USD,0.3,2024-01-19,Put,200,135,2024-02-16,"1,032.54",
LOC,LOC,CAD,0,2024-01-24,LOC,0,0,9999-12-31,"2,000.00",Short Term Juicing - LOC
PAPER,YZINV,CAD,0,2024-01-24,Cash,0,0,9999-12-31,"-2,000.00",Short Term Juicing
PAPER,GOOG,USD,0.3,2024-01-24,Put,-200,145,2024-02-16,-427.45,
PAPER,DG,USD,0.3,2024-01-24,Put,300,135,2024-02-16,"1,581.28",
PAPER,MKC,USD,0.3,2024-01-24,Put,"-1,100",65,2024-02-16,-370.7,
PAPER,CRWD,USD,0.3,2024-01-24,Put,200,300,2024-02-16,"2,442.53",
LOC,LOC,CAD,0,2024-01-31,LOC,0,0,9999-12-31,"-5,000.00",Short Term Juicing - LOC
PAPER,YZINV,CAD,0,2024-01-31,Cash,0,0,9999-12-31,"5,000.00",Short Term Juicing
PAPER,GOOG,USD,0.3,2024-01-31,Put,200,150,2024-02-16,"1,492.53",
PAPER,AMZN,USD,0.3,2024-02-02,Put,-200,155,2024-02-16,-41.45,
PAPER,GOOG,USD,0.3,2024-02-02,Put,200,150,2024-02-16,"1,562.53",
PAPER,GOOG,USD,0.3,2024-02-02,Put,100,150,2024-02-16,678.79,
LOC,LOC,CAD,0,2024-02-08,LOC,0,0,9999-12-31,"5,000.00",Short Term Juicing - LOC
PAPER,YZINV,CAD,0,2024-02-08,Cash,0,0,9999-12-31,"-5,000.00",Short Term Juicing
PAPER,CRWD,USD,0.3,2024-02-08,Put,-200,300,2024-02-16,-197.45,
PAPER,TTD,USD,0.3,2024-02-09,Put,800,70,2024-03-15,"4,065.01",
PAPER,NKE,USD,0.3,2024-02-12,Put,-400,105,2024-02-16,-237.95,
PAPER,RMD,USD,0.3,2024-02-12,Put,300,185,2024-03-15,"2,091.28",
LOC,LOC,CAD,0,2024-02-15,LOC,0,0,9999-12-31,"2,000.00",LOC - Regular Payments
PAPER,TTD,USD,0.3,2024-02-16,Put,-800,70,2024-03-15,-118.95,
PAPER,GOOG,USD,0.3,2024-02-16,Put,-500,150,2024-02-16,"-3,661.20",
PAPER,GOOG,USD,0.3,2024-02-16,Put,500,150,2024-03-15,"4,038.76",
PAPER,DG,USD,0.3,2024-02-16,Put,-500,135,2024-02-16,0,
PAPER,EL,USD,0.3,2024-02-16,Put,-300,145,2024-02-16,0,
PAPER,TTD,USD,0.3,2024-02-20,Put,700,90,2024-03-15,"4,361.26",
PAPER,AMZN,USD,0.3,2024-02-20,Put,400,170,2024-03-15,"2,350.03",
PAPER,RMD,USD,0.3,2024-02-20,Put,200,185,2024-03-15,"1,492.53",
PAPER,AMZN,USD,0.3,2024-02-26,Put,-400,170,2024-03-15,-681.95,
PAPER,DG,USD,0.3,2024-02-26,Put,500,145,2024-03-15,"5,466.31",
PAPER,GOOG,USD,0.3,2024-02-29,Put,-500,150,2024-03-15,"-5,758.56",
PAPER,GOOG,USD,0.3,2024-02-29,Put,500,150,2024-04-19,"5,863.75",
PAPER,DG,USD,0.3,2024-03-12,Put,400,160,2024-03-15,"2,290.03",
LOC,LOC,CAD,0,2024-03-15,LOC,0,0,9999-12-31,"-20,000.00",Short Term Juicing - LOC
PAPER,YZINV,CAD,0,2024-03-15,Cash,0,0,9999-12-31,"20,000.00",Short Term Juicing
PAPER,TTD,USD,0.3,2024-03-15,Put,-700,90,2024-03-15,"-8,066.93",
PAPER,TTD,USD,0.3,2024-03-15,Put,700,90,2024-04-19,"8,101.27",
PAPER,DG,USD,0.3,2024-03-15,Put,200,155,2024-04-19,"1,292.53",
PAPER,DG,USD,0.3,2024-03-15,Put,-500,145,2024-03-15,0,
PAPER,RMD,USD,0.3,2024-03-15,Put,-500,185,2024-03-15,0,
PAPER,DG,USD,0.3,2024-03-15,Put,-400,160,2024-03-15,"-2,817.39",
LOC,LOC,CAD,0,2024-03-16,LOC,0,0,9999-12-31,"2,000.00",LOC - Regular Payments
PAPER,DG,USD,0.3,2024-03-18,Put,400,160,2024-04-19,"3,670.02",
PAPER,RMD,USD,0.3,2024-03-20,Put,400,190,2024-04-19,"2,830.02",
PAPER,FTNT,USD,0.3,2024-03-21,Put,700,68,2024-04-19,"1,386.28",
PAPER,TEAM,USD,0.3,2024-03-22,Put,200,190,2024-04-19,"1,252.53",
PAPER,YZINV,USD,0,2024-04-12,Cash,0,0,9999-12-31,"-10,000.00",Personal Withdraw - Fertility
LOC,LOC,CAD,0,2024-04-12,LOC,0,0,9999-12-31,"20,000.00",Short Term Juicing - LOC
PAPER,YZINV,CAD,0,2024-04-12,Cash,0,0,9999-12-31,"-20,000.00",Short Term Juicing
PAPER,TEAM,USD,0.3,2024-04-12,Put,-200,190,2024-04-19,-97.45,
PAPER,GOOG,USD,0.3,2024-04-12,Put,-500,150,2024-04-19,-151.2,
PAPER,ALGN,USD,0.3,2024-04-12,Put,200,300,2024-05-17,"3,152.52",
LOC,LOC,CAD,0,2024-04-15,LOC,0,0,9999-12-31,"2,000.00",LOC - Regular Payments
PAPER,YZINV,USD,0,2024-04-16,Cash,0,0,9999-12-31,"2,500.00",Personal Withdraw - Fertility
PAPER,DG,USD,0.3,2024-04-16,Put,-400,160,2024-04-19,"-8,154.00",
PAPER,DG,USD,0.3,2024-04-16,Put,-200,155,2024-04-19,0,
PAPER,DG,USD,0.3,2024-04-16,Put,600,160,2024-05-17,"9,227.47",
PAPER,TTD,USD,0.3,2024-04-17,Put,-700,90,2024-04-19,"-5,963.76",
PAPER,TTD,USD,0.3,2024-04-17,Put,700,90,2024-05-17,"7,686.23",
PAPER,RMD,USD,0.3,2024-04-17,Put,-100,190,2024-04-19,"-1,103.30",
PAPER,RMD,USD,0.3,2024-04-17,Put,100,190,2024-05-17,"1,434.78",
PAPER,RMD,USD,0.3,2024-04-17,Put,-300,190,2024-04-19,"-3,398.70",
PAPER,RMD,USD,0.3,2024-04-17,Put,300,190,2024-05-17,"4,491.26",
LOC,LOC,CAD,0,2024-04-18,LOC,0,0,9999-12-31,"-10,000.00",Margin Cover - LOC
PAPER,YZINV,CAD,0,2024-04-18,Cash,0,0,9999-12-31,"10,000.00",Margin Cover
PAPER,FTNT,USD,0.3,2024-04-19,Put,-700,68,2024-04-19,"-2,477.97",
PAPER,FTNT,USD,0.3,2024-04-23,Put,700,68,2024-05-17,"3,906.26",
LOC,LOC,CAD,0,2024-04-26,LOC,0,0,9999-12-31,"10,000.00",Margin Cover - LOC
PAPER,YZINV,CAD,0,2024-04-26,Cash,0,0,9999-12-31,"-10,000.00",Margin Cover
PAPER,DG,USD,0.3,2024-04-26,Put,-600,160,2024-05-17,"-10,820.09",
PAPER,DG,USD,0.3,2024-04-26,Put,600,160,2024-06-21,"11,507.45",
PAPER,RMD,USD,0.3,2024-04-26,Put,-400,190,2024-05-17,-309.95,
PAPER,ALGN,USD,0.3,2024-04-26,Put,-200,300,2024-05-17,-607.45,
PAPER,TEAM,USD,0.3,2024-04-26,Put,300,180,2024-05-17,"2,241.28",
PAPER,ALGN,USD,0.3,2024-04-30,Put,200,290,2024-05-17,"1,752.53",
PAPER,FTNT,USD,0.3,2024-05-06,Put,-700,68,2024-05-17,"-5,752.65",
PAPER,FTNT,USD,0.3,2024-05-06,Put,700,67.5,2024-06-21,"6,286.24",
PAPER,FTNT,USD,0.3,2024-05-13,Put,-700,67.5,2024-06-21,"-6,110.98",
PAPER,FTNT,USD,0.3,2024-05-13,Put,700,67.5,2024-06-21,"6,146.24",
LOC,LOC,CAD,0,2024-05-15,LOC,0,0,9999-12-31,"2,000.00",LOC - Regular Payments
PAPER,Other,USD,0,2024-05-16,Int / Tax,0,0,2024-05-16,-54.44,Operational Loss - Negative balance due to aftermarket assignments
PAPER,ALGN,USD,0.3,2024-05-16,Put,-200,290,2024-05-17,"-2,807.45",
PAPER,ALGN,USD,0.3,2024-05-16,Put,200,290,2024-06-21,"3,752.51",
PAPER,TTD,USD,0.3,2024-05-17,Put,-700,90,2024-05-17,0,
PAPER,TEAM,USD,0.3,2024-05-17,Put,-300,180,2024-05-17,0,
PAPER,YZINV,USD,0.3,2024-05-21,Cash,0,0,9999-12-31,"-50,000.00",Rebalancing - Transfer to OKANE
OKANE,YZINV,USD,0.3,2024-05-22,Cash,0,0,9999-12-31,"50,000.22",Rebalancing - Transfer to OKANE
PAPER,ALGN,USD,0.3,2024-05-22,Put,-200,290,2024-06-21,"-5,467.45",Rebalancing - Transfer to OKANE
OKANE,ALGN,USD,0.3,2024-05-22,Put,200,290,2024-06-21,"5,470.39",Rebalancing - Transfer to OKANE
PAPER,DG,USD,0.3,2024-05-22,Put,-600,160,2024-06-21,"-12,012.45",Rebalancing - Transfer to OKANE
OKANE,DG,USD,0.3,2024-05-22,Put,600,160,2024-06-21,"11,925.21",Rebalancing - Transfer to OKANE
PAPER,YZINV,USD,0.3,2024-05-22,Cash,0,0,9999-12-31,"-40,000.00",Rebalancing - Transfer to OKANE
OKANE,YZINV,USD,0.3,2024-05-22,Cash,0,0,9999-12-31,"40,000.00",Rebalancing - Transfer to OKANE
PAPER,FTNT,USD,0.3,2024-05-22,Put,-700,67.5,2024-06-21,"-4,493.70",Rebalancing - Transfer to OKANE
OKANE,FTNT,USD,0.3,2024-05-22,Put,700,67.5,2024-06-21,"4,464.17",Rebalancing - Transfer to OKANE
PAPER,YZINV,USD,0.3,2024-05-22,Cash,0,0,9999-12-31,"-15,604.34",Rebalancing - Transfer to OKANE
OKANE,ALGN,USD,0.3,2024-05-22,Put,200,270,2024-06-21,"2,750.47",
OKANE,TEAM,USD,0.3,2024-05-22,Put,300,175,2024-06-21,"1,953.24",
OKANE,YZINV,USD,0.3,2024-05-23,Cash,0,0,9999-12-31,"15,604.34",Rebalancing - Transfer to OKANE
OKANE,MNST,USD,0.3,2024-05-23,Put,600,55,2024-06-21,"1,545.50",
OKANE,EW,USD,0.3,2024-05-23,Put,300,90,2024-06-21,"1,041.27",
OKANE,YZINV,CAD,0.3,2024-05-30,Cash,0,0,9999-12-31,"-8,000.00",Invest - FX Conversion
OKANE,YZINV,USD,0.3,2024-05-30,Cash,0,0,9999-12-31,"5,799.41",Invest - FX Conversion
OKANE,YZINV,CAD,0.3,2024-05-30,Cash,0,0,9999-12-31,"8,000.00",Invest - Pre Convert
OKANE,FTNT,USD,0.3,2024-05-30,Put,-700,67.5,2024-06-21,"-6,209.84",
OKANE,FTNT,USD,0.3,2024-05-30,Put,700,67.5,2024-07-19,"6,564.11",
LOC,LOC,CAD,0,2024-06-03,LOC,0,0,9999-12-31,"-3,000.00",Margin Cover - LOC
OKANE,YZINV,CAD,0.3,2024-06-03,Cash,0,0,9999-12-31,"3,000.00",Margin Cover
OKANE,DG,USD,0.3,2024-06-03,Put,-600,160,2024-06-21,"-14,423.67",
OKANE,CRWD,USD,0.3,2024-06-03,Put,200,350,2024-06-28,"9,610.28",
OKANE,CRWD,USD,0.3,2024-06-03,Put,100,350,2024-06-21,"4,941.66",
OKANE,CRWD,USD,0.3,2024-06-05,Put,-200,350,2024-06-28,"-3,609.45",
OKANE,DG,USD,0.3,2024-06-05,Put,600,145,2024-06-21,"6,285.37",
OKANE,ALB,USD,0.3,2024-06-07,Put,100,115,2024-06-21,381.78,
LOC,LOC,CAD,0,2024-06-10,LOC,0,0,9999-12-31,"3,000.00",Margin Cover - LOC
OKANE,YZINV,CAD,0.3,2024-06-10,Cash,0,0,9999-12-31,"-3,000.00",Margin Cover
OKANE,DG,USD,0.3,2024-06-10,Put,-600,145,2024-06-21,"-10,170.49",
OKANE,DG,USD,0.3,2024-06-10,Put,600,145,2024-07-19,"10,245.26",
LOC,LOC,CAD,0,2024-06-14,LOC,0,0,9999-12-31,"2,000.00",LOC - Regular Payments
LOC,LOC,CAD,0,2024-06-17,LOC,0,0,9999-12-31,"-6,000.00",Margin Cover - LOC
OKANE,YZINV,CAD,0.3,2024-06-17,Cash,0,0,9999-12-31,"6,000.00",Margin Cover
OKANE,MNST,USD,0.3,2024-06-17,Put,-600,55,2024-06-21,"-3,982.21",
OKANE,MNST,USD,0.3,2024-06-17,Put,600,55,2024-07-19,"3,651.44",
OKANE,TEAM,USD,0.3,2024-06-17,Put,-300,175,2024-06-21,"-5,748.96",
OKANE,TEAM,USD,0.3,2024-06-17,Put,300,175,2024-07-19,"5,929.13",
OKANE,ALGN,USD,0.3,2024-06-18,Put,-200,290,2024-06-21,"-8,817.77",
OKANE,ALGN,USD,0.3,2024-06-18,Put,-200,270,2024-06-21,"-4,709.45",
OKANE,ALGN,USD,0.3,2024-06-18,Put,400,280,2024-07-19,"13,987.66",
LOC,LOC,CAD,0,2024-06-21,LOC,0,0,9999-12-31,"-23,000.00",Short Term Juicing - LOC
OKANE,YZINV,CAD,0.3,2024-06-21,Cash,0,0,9999-12-31,"23,000.00",Short Term Juicing
OKANE,CRWD,USD,0.3,2024-06-21,Put,-100,350,2024-06-21,0,
OKANE,EW,USD,0.3,2024-06-21,Put,-300,90,2024-06-21,0,
OKANE,NVDA,USD,0.3,2024-06-21,Put,500,120,2024-07-19,"1,886.74",
OKANE,ALB,USD,0.3,2024-06-21,Put,-100,115,2024-06-21,0,
OKANE,ALB,USD,0.3,2024-06-21,Stk,100,0,9999-12-31,"-11,508.20",
LOC,LOC,CAD,0,2024-06-24,LOC,0,0,9999-12-31,"6,000.00",Margin Cover - LOC
OKANE,YZINV,CAD,0.3,2024-06-24,Cash,0,0,9999-12-31,"-6,000.00",Margin Cover
LOC,LOC,CAD,0,2024-06-24,LOC,0,0,9999-12-31,"8,000.00",Short Term Juicing - LOC
LOC,LOC,CAD,0,2024-06-24,LOC,0,0,9999-12-31,"11,000.00",Short Term Juicing - LOC
OKANE,YZINV,CAD,0.3,2024-06-24,Cash,0,0,9999-12-31,"-11,000.00",Short Term Juicing
OKANE,YZINV,CAD,0.3,2024-06-24,Cash,0,0,9999-12-31,"-8,000.00",Short Term Juicing
OKANE,MNST,USD,0.3,2024-06-26,Put,-600,55,2024-07-19,"-2,836.95",
OKANE,MNST,USD,0.3,2024-06-26,Put,600,55,2024-08-16,"2,745.47",
OKANE,FTNT,USD,0.3,2024-06-27,Put,-600,67.5,2024-07-19,"-4,594.40",
OKANE,FTNT,USD,0.3,2024-06-27,Put,600,67.5,2024-08-16,"4,995.41",
OKANE,ALB,USD,0.3,2024-07-02,Int / Tax,100,115,2024-07-19,51.79,Selling Covered Calls
LOC,LOC,CAD,0,2024-07-05,LOC,0,0,9999-12-31,"4,000.00",Short Term Juicing - LOC
OKANE,YZINV,CAD,0.3,2024-07-05,Cash,0,0,9999-12-31,"-4,000.00",Short Term Juicing
OKANE,TEAM,USD,0.3,2024-07-05,Put,-300,175,2024-07-19,-325.7,
OKANE,LULU,USD,0.3,2024-07-05,Put,200,305,2024-07-19,"1,890.49",
OKANE,FTNT,USD,0.3,2024-07-05,Put,-100,67.5,2024-07-19,-637.45,
OKANE,FTNT,USD,0.3,2024-07-05,Put,100,67.5,2024-08-16,736.97,
LOC,LOC,CAD,0,2024-07-10,LOC,0,0,9999-12-31,"-17,000.00",Margin Cover - LOC
OKANE,YZINV,CAD,0.3,2024-07-10,Cash,0,0,9999-12-31,"17,000.00",Margin Cover
OKANE,NVDA,USD,0.3,2024-07-10,Put,-500,120,2024-07-19,-188.2,
OKANE,TEAM,USD,0.3,2024-07-10,Put,300,170,2024-07-19,"1,129.26",
OKANE,CRWD,USD,0.3,2024-07-10,Put,100,370,2024-07-19,901.77,
OKANE,DG,USD,0.3,2024-07-10,Put,-600,145,2024-07-19,"-11,183.51",
OKANE,DG,USD,0.3,2024-07-10,Put,600,145,2024-09-20,"11,415.23",
OKANE,ALGN,USD,0.3,2024-07-10,Put,-400,280,2024-07-19,"-13,211.95",
OKANE,ALGN,USD,0.3,2024-07-10,Put,400,280,2024-08-16,"14,987.63",
LOC,LOC,CAD,0,2024-07-11,LOC,0,0,9999-12-31,"7,500.00",Margin Cover - LOC
OKANE,YZINV,CAD,0.3,2024-07-11,Cash,0,0,9999-12-31,"-7,500.00",Margin Cover
OKANE,TEAM,USD,0.3,2024-07-12,Put,-300,170,2024-07-19,-157.7,
OKANE,NKE,USD,0.3,2024-07-12,Put,400,75,2024-08-16,"1,008.02",
OKANE,FTNT,USD,0.3,2024-07-17,Put,-700,67.5,2024-08-16,"-6,315.70",
OKANE,DG,USD,0.3,2024-07-17,Put,-200,145,2024-09-20,"-4,509.45",
OKANE,MNST,USD,0.3,2024-07-17,Put,-600,55,2024-08-16,"-2,714.45",
OKANE,CRWD,USD,0.3,2024-07-17,Put,100,370,2024-07-19,"1,391.76",
OKANE,AMZN,USD,0.3,2024-07-17,Put,300,210,2024-08-16,"7,339.09",
LOC,LOC,CAD,0,2024-07-18,LOC,0,0,9999-12-31,"-5,000.00",Margin Cover - LOC
LOC,LOC,CAD,0,2024-07-18,LOC,0,0,9999-12-31,"-2,500.00",Margin Cover - LOC
LOC,LOC,CAD,0,2024-07-18,LOC,0,0,9999-12-31,"-6,500.00",Margin Cover - LOC
OKANE,YZINV,CAD,0.3,2024-07-18,Cash,0,0,9999-12-31,"2,500.00",Margin Cover
OKANE,YZINV,CAD,0.3,2024-07-18,Cash,0,0,9999-12-31,"5,000.00",Margin Cover
OKANE,YZINV,CAD,0.3,2024-07-18,Cash,0,0,9999-12-31,"6,500.00",Margin Cover
OKANE,DG,USD,0.3,2024-07-18,Put,-400,145,2024-09-20,"-9,811.95",
OKANE,TTD,USD,0.3,2024-07-18,Put,400,110,2024-08-16,"6,587.86",
OKANE,CRWD,USD,0.3,2024-07-18,Put,-200,370,2024-07-19,"-5,565.74",
OKANE,CRWD,USD,0.3,2024-07-18,Put,200,370,2024-08-16,"6,353.61",
OKANE,EW,USD,0.3,2024-07-18,Put,300,95,2024-08-16,"2,692.26",
OKANE,LULU,USD,0.3,2024-07-19,Put,-200,305,2024-07-19,0,
OKANE,LULU,USD,0.3,2024-07-19,Stk,200,0,9999-12-31,"-61,009.45",
OKANE,ALB,USD,0.3,2024-07-22,Int / Tax,100,115,2024-08-16,79.79,Selling Covered Calls
OKANE,CRWD,USD,0.3,2024-07-23,Put,-200,370,2024-08-16,"-19,617.92",
OKANE,CRWD,USD,0.3,2024-07-23,Put,200,370,2024-10-18,"19,989.99",
LOC,LOC,CAD,0,2024-07-25,LOC,0,0,9999-12-31,"-24,000.00",Margin Cover - LOC
OKANE,YZINV,CAD,0.3,2024-07-25,Cash,0,0,9999-12-31,"24,000.00",Margin Cover
OKANE,LULU,USD,0.3,2024-07-25,Int / Tax,200,305,2024-09-06,490.53,Selling Covered Calls
OKANE,ALGN,USD,0.3,2024-07-25,Put,-400,280,2024-08-16,"-19,811.95",
OKANE,ALGN,USD,0.3,2024-07-25,Put,400,280,2024-10-18,"20,227.48",
OKANE,EW,USD,0.3,2024-07-25,Put,-300,95,2024-08-16,0,
OKANE,EW,USD,0.3,2024-07-25,Stk,300,0,9999-12-31,"-28,562.65",
OKANE,CRWD,USD,0.3,2024-07-26,Int / Tax,200,370,2024-10-18,450.53,Selling Covered Calls
OKANE,CRWD,USD,0.3,2024-07-26,Put,-200,370,2024-10-18,0,
OKANE,CRWD,USD,0.3,2024-07-26,Stk,200,0,9999-12-31,"-74,009.45",
OKANE,EW,USD,0.3,2024-07-26,Stk,-300,0,9999-12-31,"28,562.65",
OKANE,EW,USD,0.3,2024-07-26,Put,300,85,2025-01-17,"-3,106.93",
