Acct,Ticker,Currency,Margin %,Date,Trans Type,Shares,Strike/Price,Expiry,Net Gains,Notes,
PAPER,NTINV,USD,0.00,2021-10-07,Cash,0 ,0.00 ,9999-12-31,"2,451.23 ",Invest - Pre Convert,
PAPER,BABA,USD,0.30,2021-10-07,Stk,17 ,0.00 ,,"-2,451.23 ",stock from TFSA to fund acct,
PAPER,NTINV,USD,0.00,2021-10-07,Cash,0 ,0.00 ,9999-12-31,"9,681.62 ",Invest - Pre Convert,
PAPER,META,USD,0.30,2021-10-07,Stk,29 ,0.00 ,,"-9,681.62 ",stock from TFSA to fund acct,
PAPER,NTINV,USD,0.00,2021-10-07,Cash,0 ,0.00 ,9999-12-31,"14,105.57 ",Invest - Pre Convert,
PAPER,TWTR,USD,0.30,2021-10-07,Stk,230 ,0.00 ,,"-14,105.57 ",stock from TFSA to fund acct,
LOC,LOC,CAD,0.00,2021-10-07,LOC,0 ,0.00 ,9999-12-31,"160,000.00 ",LOC - Assumed Starting Balance,
PAPER,FAZ,USD,1.00,2021-10-13,Call,100 ,20.00 ,2022-01-21,328.79 ,,
LOC,LOC,CAD,0.00,2021-10-13,LOC,0 ,0.00 ,9999-12-31,"2,000.00 ",LOC - Regular Payments,
PAPER,MSFT,USD,0.30,2021-10-18,Put,100 ,305.00 ,2021-11-19,818.79 ,,
PAPER,MSFT,USD,0.30,2021-11-05,Put,-100 ,305.00 ,2021-11-19,-44.20 ,,
PAPER,MSFT,USD,0.30,2021-11-05,Put,100 ,340.00 ,2021-12-17,"1,153.79 ",,
LOC,LOC,CAD,0.00,2021-11-12,LOC,0 ,0.00 ,9999-12-31,"2,000.00 ",LOC - Regular Payments,
LOC,LOC,CAD,0.00,2021-12-12,LOC,0 ,0.00 ,9999-12-31,"2,000.00 ",LOC - Regular Payments,
PAPER,MSFT,USD,0.30,2021-12-16,Put,-100 ,340.00 ,2021-12-17,"-1,181.20 ",,
PAPER,MSFT,USD,0.30,2021-12-16,Put,100 ,340.00 ,2022-02-18,"2,168.78 ",,
LOC,LOC,CAD,0.00,2022-01-11,LOC,0 ,0.00 ,9999-12-31,"2,000.00 ",LOC - Regular Payments,
PAPER,FAZ,USD,1.00,2022-01-19,Call,100 ,16.00 ,2022-04-16,278.79 ,,
PAPER,FAZ,USD,1.00,2022-01-26,Call,-100 ,20.00 ,2022-01-21,-220.16 ,,
LOC,LOC,CAD,0.00,2022-02-10,LOC,0 ,0.00 ,9999-12-31,"2,000.00 ",LOC - Regular Payments,
PAPER,MSFT,USD,0.30,2022-02-18,Put,-100 ,340.00 ,2022-02-18,"-4,530.20 ",,
PAPER,MSFT,USD,0.30,2022-02-18,Put,100 ,340.00 ,2022-05-20,"4,837.77 ",,
PAPER,NTINV,USD,0.00,2022-02-18,Cash,0 ,0.00 ,9999-12-31,"13,679.69 ",Invest - Pre Convert,
PAPER,MSFT,USD,0.30,2022-02-18,Stk,47 ,0.00 ,,"-13,679.69 ",stock from TFSA to fund acct,
LOC,LOC,CAD,0.00,2022-03-12,LOC,0 ,0.00 ,9999-12-31,"2,000.00 ",LOC - Regular Payments,
LOC,LOC,CAD,0.00,2022-04-11,LOC,0 ,0.00 ,9999-12-31,"2,000.00 ",LOC - Regular Payments,
PAPER,FAZ,USD,1.00,2022-04-14,Call,-100 ,16.00 ,2022-04-16,-428.20 ,,
PAPER,FAZ,USD,1.00,2022-04-14,Call,100 ,16.00 ,2022-06-17,449.79 ,,
PAPER,MSFT,USD,0.30,2022-04-14,Put,-100 ,340.00 ,2022-05-20,"-5,486.20 ",,
PAPER,MSFT,USD,0.30,2022-04-14,Put,100 ,340.00 ,2022-08-19,"5,704.77 ",,
LOC,LOC,CAD,0.00,2022-05-11,LOC,0 ,0.00 ,9999-12-31,"2,000.00 ",LOC - Regular Payments,
PAPER,MSFT,USD,0.00,2022-06-09,Div,0 ,0.00 ,,29.14 ,,
PAPER,MSFT,USD,0.00,2022-06-09,Int / Tax,0 ,0.00 ,,-4.37 ,,
LOC,LOC,CAD,0.00,2022-06-10,LOC,0 ,0.00 ,9999-12-31,"2,000.00 ",LOC - Regular Payments,
PAPER,MSFT,USD,0.30,2022-06-16,Put,-100 ,340.00 ,2022-08-19,"-9,100.70 ",,
PAPER,MSFT,USD,0.30,2022-06-16,Put,100 ,340.00 ,2023-09-15,"9,323.58 ",,
PAPER,FAZ,USD,1.00,2022-06-21,Call,-100 ,16.00 ,2022-06-17,"-1,344.20 ",,
PAPER,FAZ,USD,1.00,2022-06-21,Call,100 ,16.00 ,2022-10-21,"1,346.76 ",,
LOC,LOC,CAD,0.00,2022-07-10,LOC,0 ,0.00 ,9999-12-31,"2,000.00 ",LOC - Regular Payments,
LOC,LOC,CAD,0.00,2022-08-09,LOC,0 ,0.00 ,9999-12-31,"2,000.00 ",LOC - Regular Payments,
PAPER,MSFT,USD,0.00,2022-09-08,Div,0 ,0.00 ,,29.14 ,,
PAPER,MSFT,USD,0.00,2022-09-08,Int / Tax,0 ,0.00 ,,-4.37 ,,
LOC,LOC,CAD,0.00,2022-09-08,LOC,0 ,0.00 ,9999-12-31,"2,000.00 ",LOC - Regular Payments,
PAPER,NTINV,CAD,0.00,2022-10-03,Cash,0 ,0.00 ,9999-12-31,"2,300.00 ",Invest - Pre Convert,
PAPER,FAZ,USD,1.00,2022-10-05,Call,-100 ,16.00 ,2022-10-21,"-1,215.20 ",,
PAPER,FAZ,USD,1.00,2022-10-05,Call,100 ,16.00 ,2023-06-16,"1,298.77 ",,
PAPER,TWTR,USD,0.30,2022-10-07,Stk,-230 ,0.00 ,,"14,105.57 ",,
PAPER,TWTR,USD,0.30,2022-10-07,Cap Gains,,0.00 ,,"-1,639.57 ","sold stock (profit from BV TFSA, loss margin BV)",
LOC,LOC,CAD,0.00,2022-10-08,LOC,0 ,0.00 ,9999-12-31,"2,000.00 ",LOC - Regular Payments,
LOC,LOC,CAD,0.00,2022-11-07,LOC,0 ,0.00 ,9999-12-31,"2,000.00 ",LOC - Regular Payments,
PAPER,NTINV,CAD,0.00,2022-11-23,Cash,0 ,0.00 ,9999-12-31,"-2,300.00 ",Personal Withdraw,
PAPER,MSFT,USD,0.30,2022-11-25,Put,-100 ,340.00 ,2023-09-15,"-9,268.89 ",,
PAPER,MSFT,USD,0.30,2022-11-25,Put,100 ,340.00 ,2023-09-15,"9,193.58 ",,
PAPER,MSFT,USD,0.30,2022-11-30,Put,-100 ,340.00 ,2023-09-15,"-10,020.68 ",,
PAPER,MSFT,USD,0.30,2022-11-30,Put,100 ,340.00 ,2023-09-15,"9,968.50 ",,
PAPER,MSFT,USD,0.30,2022-12-07,Put,-100 ,340.00 ,2023-09-15,"-9,483.71 ",,
PAPER,MSFT,USD,0.30,2022-12-07,Put,100 ,340.00 ,2023-09-15,"9,451.58 ",,
PAPER,MSFT,USD,0.00,2022-12-07,Div,0 ,0.00 ,,31.96 ,,
PAPER,MSFT,USD,0.00,2022-12-07,Int / Tax,0 ,0.00 ,,-4.79 ,,
LOC,LOC,CAD,0.00,2022-12-07,LOC,0 ,0.00 ,9999-12-31,"2,000.00 ",LOC - Regular Payments,
PAPER,MSFT,USD,0.30,2022-12-08,Put,-100 ,340.00 ,2023-09-15,"-9,542.39 ",,
PAPER,MSFT,USD,0.30,2022-12-08,Put,100 ,340.00 ,2024-06-21,"9,593.58 ",,
PAPER,MSFT,USD,0.00,2022-12-16,Int / Tax,0 ,0.00 ,,-10.77 ,,
LOC,LOC,CAD,0.00,2023-01-06,LOC,0 ,0.00 ,9999-12-31,"2,000.00 ",LOC - Regular Payments,
PAPER,MSFT,USD,0.30,2023-01-27,Put,-100 ,340.00 ,2024-06-21,"-9,576.67 ",,
PAPER,MSFT,USD,0.30,2023-01-27,Put,100 ,340.00 ,2024-06-21,"9,593.58 ",,
PAPER,MSFT,USD,0.30,2023-01-30,Put,-100 ,340.00 ,2024-06-21,"-9,199.31 ",,
PAPER,MSFT,USD,0.30,2023-01-30,Put,100 ,340.00 ,2024-06-21,"9,198.58 ",,
LOC,LOC,CAD,0.00,2023-02-05,LOC,0 ,0.00 ,9999-12-31,"2,000.00 ",LOC - Regular Payments,
PAPER,MSFT,USD,0.00,2023-02-15,Int / Tax,0 ,0.00 ,,-7.58 ,,
PAPER,MSFT,USD,0.30,2023-03-02,Put,-100 ,340.00 ,2024-06-21,"-9,153.72 ",,
PAPER,MSFT,USD,0.30,2023-03-02,Put,100 ,340.00 ,2024-06-21,"9,143.59 ",,
PAPER,MSFT,USD,0.00,2023-03-02,Int / Tax,0 ,0.00 ,,-10.20 ,,
PAPER,MSFT,USD,0.30,2023-03-03,Put,-100 ,340.00 ,2024-06-21,"-9,238.73 ",,
PAPER,MSFT,USD,0.30,2023-03-03,Put,100 ,340.00 ,2024-06-21,"9,238.58 ",,
PAPER,MSFT,USD,0.30,2023-03-06,Put,-100 ,340.00 ,2024-06-21,"-8,556.66 ",,
PAPER,MSFT,USD,0.30,2023-03-06,Put,100 ,340.00 ,2024-12-20,"8,643.60 ",,
LOC,LOC,CAD,0.00,2023-03-07,LOC,0 ,0.00 ,9999-12-31,"2,000.00 ",LOC - Regular Payments,
PAPER,MSFT,USD,0.00,2023-03-09,Div,0 ,0.00 ,,31.96 ,,
PAPER,MSFT,USD,0.00,2023-03-09,Int / Tax,0 ,0.00 ,,-4.79 ,,
PAPER,MSFT,USD,0.00,2023-03-09,Int / Tax,0 ,0.00 ,,-10.24 ,,
PAPER,NTINV,CAD,0.00,2023-03-24,Cash,0 ,0.00 ,9999-12-31,"3,339.99 ",Invest - Pre Convert,
PAPER,CM,CAD,0.30,2023-03-24,Stk,59 ,0.00 ,,"-3,339.99 ",move over stock from ESPP,
LOC,LOC,CAD,0.00,2023-04-06,LOC,0 ,0.00 ,9999-12-31,"2,000.00 ",LOC - Regular Payments,
PAPER,CM,CAD,0.00,2023-04-28,Div,0 ,0.00 ,,50.15 ,,
LOC,LOC,CAD,0.00,2023-05-06,LOC,0 ,0.00 ,9999-12-31,"2,000.00 ",LOC - Regular Payments,
PAPER,FAZ,USD,1.00,2023-05-30,Call,-100 ,16.00 ,2023-06-16,-616.20 ,,
PAPER,FAZ,USD,1.00,2023-05-30,Call,100 ,16.00 ,2023-10-20,643.79 ,,
LOC,LOC,CAD,0.00,2023-06-05,LOC,0 ,0.00 ,9999-12-31,"2,000.00 ",LOC - Regular Payments,
PAPER,PG,USD,0.30,2023-06-26,Put,100 ,150.00 ,2023-08-18,438.79 ,,
PAPER,WMT,USD,0.30,2023-06-26,Put,100 ,160.00 ,2023-08-18,583.79 ,,
LOC,LOC,CAD,0.00,2023-07-05,LOC,0 ,0.00 ,9999-12-31,"2,000.00 ",LOC - Regular Payments,
PAPER,PSU.U,USD,0.30,2023-07-17,Stk,177 ,,,"-17,750.97 ",,
PAPER,AMZN,USD,0.30,2023-07-24,Put,200 ,135.00 ,2023-10-20,"2,062.53 ",,
PAPER,BABA,USD,0.30,2023-07-25,Stk,-17 ,0.00 ,,"2,451.23 ",,
PAPER,BABA,USD,0.30,2023-07-25,Cap Gains,,0.00 ,,-885.99 ,"sold stock (profit from BV TFSA, loss margin BV)",
PAPER,CM,CAD,0.00,2023-07-28,Div,0 ,0.00 ,,51.33 ,,
LOC,LOC,CAD,0.00,2023-08-04,LOC,0 ,0.00 ,9999-12-31,"2,000.00 ",LOC - Regular Payments,
PAPER,PSU.U,USD,0.30,2023-08-08,Div,0 ,,,74.34 ,,
PAPER,NTINV,CAD,0.00,2023-08-17,Cash,0 ,0.00 ,9999-12-31,411.68 ,Invest - Pre Convert,
PAPER,NTINV,USD,0.00,2023-08-17,Cash,0 ,0.00 ,9999-12-31,71.92 ,Invest - Pre Convert,
PAPER,WMT,USD,0.30,2023-08-17,Put,-100 ,160.00 ,2023-08-18,-317.20 ,,
PAPER,WMT,USD,0.30,2023-08-17,Put,100 ,160.00 ,2023-09-15,405.79 ,,
PAPER,PG,USD,0.30,2023-08-21,Put,-100 ,150.00 ,2023-08-18,0.00 ,,
LOC,LOC,CAD,0.00,2023-09-03,LOC,0 ,0.00 ,9999-12-31,"2,000.00 ",LOC - Regular Payments,
PAPER,PSU.U,USD,0.30,2023-09-08,Div,0 ,,,88.75 ,,
PAPER,WMT,USD,0.30,2023-09-12,Put,-100 ,160.00 ,2023-09-15,-15.20 ,,
PAPER,AMZN,USD,0.30,2023-09-12,Put,200 ,145.00 ,2023-11-17,"1,802.53 ",,
PAPER,MSFT,USD,0.00,2023-09-14,Div,0 ,0.00 ,,31.96 ,,
PAPER,MSFT,USD,0.00,2023-09-14,Int / Tax,0 ,0.00 ,,-4.79 ,,
PAPER,CSX,USD,0.30,2023-09-15,Put,300 ,30.00 ,2023-10-20,126.29 ,,
PAPER,NTINV,CAD,0.00,2023-09-26,Cash,0 ,0.00 ,9999-12-31,513.16 ,Invest - Pre Convert,
PAPER,CM,CAD,0.30,2023-09-26,Stk,25 ,0.00 ,,-513.16 ,move over stock from ESPP,
PAPER,CM,CAD,0.30,2023-10-03,Stk,-84 ,0.00 ,,"3,853.15 ",,
PAPER,CM,CAD,0.30,2023-10-03,Cap Gains,,0.00 ,,553.58 ,sold stock,
LOC,LOC,CAD,0.00,2023-10-03,LOC,0 ,0.00 ,9999-12-31,"2,000.00 ",LOC - Regular Payments,
PAPER,NTINV,CAD,0.00,2023-10-06,Cash,0 ,0.00 ,9999-12-31,"4,848.80 ",Invest - Pre Convert,
PAPER,CM,CAD,0.30,2023-10-06,Stk,95 ,0.00 ,,"-4,848.80 ",move over stock from employee loan,
PAPER,PSU.U,USD,0.30,2023-10-10,Div,0 ,,,77.83 ,,
PAPER,AMZN,USD,0.30,2023-10-19,Put,-200 ,135.00 ,2023-10-20,"-1,297.45 ",,
PAPER,AMZN,USD,0.30,2023-10-19,Put,200 ,135.00 ,2023-11-17,"1,902.53 ",,
PAPER,FAZ,USD,1.00,2023-10-19,Call,-100 ,16.00 ,2023-10-20,-441.20 ,,
PAPER,FAZ,USD,1.00,2023-10-19,Call,100 ,16.00 ,2023-12-15,433.79 ,,
PAPER,CSX,USD,0.30,2023-10-20,Put,-300 ,30.00 ,2023-10-20,0.00 ,expired,
PAPER,MSFT,USD,0.30,2023-10-25,Stk,-47 ,0.00 ,,"13,679.69 ",,
PAPER,MSFT,USD,0.30,2023-10-25,Cap Gains,,0.00 ,,"2,530.23 ",sold stock (moved over to RSP),
PAPER,PSU.U,USD,0.30,2023-10-25,Stk,-177 ,0.00 ,,"17,750.97 ",,
PAPER,PSU.U,USD,0.30,2023-10-25,Cap Gains,,0.00 ,,16.65 ,sold stock (waiting for margin ruling),
PAPER,GOOG,USD,0.30,2023-10-25,Put,200 ,135.00 ,2023-11-17,"1,437.58 ",,
PAPER,GOOG,USD,0.30,2023-10-25,Put,100 ,130.00 ,2023-11-17,453.79 ,,
PAPER,CSX,USD,0.30,2023-10-25,Put,300 ,30.00 ,2023-11-17,246.29 ,,
PAPER,CM,CAD,0.00,2023-10-27,Div,0 ,0.00 ,,73.08 ,,
LOC,LOC,CAD,0.00,2023-11-02,LOC,0 ,0.00 ,9999-12-31,"2,000.00 ",LOC - Regular Payments,
PAPER,AMZN,USD,0.30,2023-11-06,Put,-200 ,135.00 ,2023-11-17,-195.45 ,close out early to redeploy BP,
PAPER,LOW,USD,0.30,2023-11-06,Put,200 ,190.00 ,2023-12-15,"1,052.54 ",,
PAPER,GOOG,USD,0.30,2023-11-09,Put,100 ,135.00 ,2023-12-15,428.79 ,,
PAPER,GOOG,USD,0.30,2023-11-16,Put,-200 ,135.00 ,2023-11-17,-21.45 ,close out early to redeploy BP,
PAPER,EL,USD,0.30,2023-11-16,Put,200 ,125.00 ,2023-12-15,"1,172.54 ",,
PAPER,DG,USD,0.30,2023-11-16,Put,200 ,120.00 ,2023-12-15,"1,432.53 ",,
PAPER,AMZN,USD,0.30,2023-11-17,Put,-200 ,145.00 ,2023-11-17,0.00 ,expired,
PAPER,CSX,USD,0.30,2023-11-17,Put,-300 ,30.00 ,2023-11-17,0.00 ,expired,
PAPER,GOOG,USD,0.30,2023-11-20,Put,-100 ,130.00 ,2023-11-17,0.00 ,expired,
PAPER,FAZ,USD,1.00,2023-11-22,Call,-100 ,16.00 ,2023-12-15,-111.20 ,close out early to finally get rid of it,
PAPER,ENPH,USD,0.30,2023-11-22,Put,200 ,100.00 ,2023-12-15,892.54 ,,
PAPER,ENPH,USD,0.30,2023-11-22,Put,100 ,105.00 ,2023-12-15,743.79 ,,
PAPER,ALB,USD,0.30,2023-11-27,Put,100 ,120.00 ,2023-12-15,443.79 ,,
PAPER,GOOG,USD,0.30,2023-12-01,Put,200 ,135.00 ,2023-12-15,682.54 ,,
PAPER,LOW,USD,0.30,2023-12-01,Put,-200 ,190.00 ,2023-12-15,-95.45 ,close out early to redeploy BP,
LOC,LOC,CAD,0.00,2023-12-02,LOC,0 ,0.00 ,9999-12-31,"2,000.00 ",LOC - Regular Payments,
PAPER,AMZN,USD,0.30,2023-12-04,Put,200 ,145.00 ,2023-12-15,486.54 ,,
PAPER,GOOG,USD,0.30,2023-12-04,Put,100 ,135.00 ,2023-12-15,503.79 ,,
PAPER,EL,USD,0.30,2023-12-04,Put,-200 ,125.00 ,2023-12-15,-67.45 ,close out early to redeploy BP,
PAPER,ISRG,USD,0.30,2023-12-08,Put,100 ,310.00 ,2024-01-19,"1,113.79 ",,
PAPER,DG,USD,0.30,2023-12-08,Put,-200 ,120.00 ,2023-12-15,-25.45 ,,
PAPER,META,USD,0.30,2023-12-08,Stk,-29 ,0.00 ,,"9,681.62 ",,
PAPER,META,USD,0.30,2023-12-08,Cap Gains,,0.00 ,,-150.29 ,sold stock (moved over to RSP),
PAPER,MSFT,USD,0.30,2023-12-08,Put,-100 ,340.00 ,2024-12-20,"-1,956.20 ","closing for loss, BUT up on $800 on trade overall and redeploying 11m sooner",
PAPER,GOOG,USD,0.30,2023-12-08,Put,200 ,140.00 ,2024-01-19,"1,122.54 ",,
PAPER,AMZN,USD,0.30,2023-12-14,Put,200 ,150.00 ,2024-01-19,"1,012.54 ",,
PAPER,GOOG,USD,0.30,2023-12-15,Put,-400 ,135.00 ,2023-12-15,-481.85 ,closed and rolling into MSFT,
PAPER,DG,USD,0.30,2023-12-15,Put,200 ,130.00 ,2024-01-19,912.54 ,,
PAPER,AMZN,USD,0.30,2023-12-15,Put,-200 ,145.00 ,2023-12-15,0.00 ,expired,
PAPER,ALB,USD,0.30,2023-12-18,Put,-100 ,120.00 ,2023-12-15,0.00 ,expired,
PAPER,ENPH,USD,0.30,2023-12-18,Put,-200 ,100.00 ,2023-12-15,0.00 ,expired,
PAPER,ENPH,USD,0.30,2023-12-18,Put,-100 ,105.00 ,2023-12-15,0.00 ,expired,
PAPER,MSFT,USD,0.30,2023-12-18,Put,200 ,380.00 ,2024-01-19,"2,532.52 ",,
PAPER,EL,USD,0.30,2023-12-19,Put,200 ,145.00 ,2024-01-19,"1,192.53 ","closing for loss, BUT up on $800 on trade overall and redeploying 11m sooner",
PAPER,EL,USD,0.30,2023-12-19,Put,100 ,145.00 ,2024-01-19,443.79 ,"closing for loss, BUT up on $800 on trade overall and redeploying 11m sooner",
PAPER,NTINV,CAD,0.00,2023-12-19,Cash,0 ,0.00 ,9999-12-31,"2,500.00 ",Invest - Pre Convert,
PAPER,CM,CAD,0.30,2023-12-19,Stk,-95 ,0.00 ,,"4,848.80 ",,
PAPER,CM,CAD,0.30,2023-12-19,Cap Gains,,0.00 ,,999.20 ,sold stock,
PAPER,NTINV,CAD,0.00,2023-12-21,Cash,0 ,0.00 ,9999-12-31,"-7,492.97 ",Invest - FX Conversion,
PAPER,NTINV,USD,0.00,2023-12-21,Cash,0 ,0.00 ,9999-12-31,"5,540.02 ",Invest - FX Conversion,
PAPER,NTINV,CAD,0.00,2023-12-21,Cash,0 ,0.00 ,9999-12-31,"3,000.00 ",Invest - Pre Convert,
PAPER,NTINV,CAD,0.00,2023-12-22,Cash,0 ,0.00 ,9999-12-31,"-5,848.00 ",Invest - FX Conversion,
PAPER,NTINV,USD,0.00,2023-12-22,Cash,0 ,0.00 ,9999-12-31,"4,342.94 ",Invest - FX Conversion,
LOC,LOC,CAD,0.00,2024-01-01,LOC,0 ,0.00 ,9999-12-31,"2,000.00 ",LOC - Regular Payments,
PAPER,ISRG,USD,0.30,2024-01-10,Put,-100 ,310.00 ,2024-01-19,-11.20 ,close out early to redeploy BP,
PAPER,NKE,USD,0.30,2024-01-10,Put,400 ,105.00 ,2024-02-16,"1,210.04 ",,
PAPER,MSFT,USD,0.30,2024-01-16,Put,-200 ,380.00 ,2024-01-19,-107.45 ,close out early to redeploy BP,
PAPER,MKC,USD,0.30,2024-01-16,Put,"1,100 ",65.00 ,2024-02-16,"2,236.28 ",,
PAPER,EL,USD,0.30,2024-01-17,Put,-100 ,145.00 ,2024-01-19,"-1,969.26 ",assigned shares; closed and rolled opt,
PAPER,EL,USD,0.30,2024-01-17,Put,100 ,145.00 ,2024-02-16,"2,093.78 ",assigned shares; closed and rolled opt,
PAPER,EL,USD,0.30,2024-01-17,Put,-200 ,145.00 ,2024-01-19,"-4,017.45 ",rolled,
PAPER,EL,USD,0.30,2024-01-17,Put,200 ,145.00 ,2024-02-16,"4,192.51 ",rolled,
PAPER,DG,USD,0.30,2024-01-17,Put,-200 ,130.00 ,2024-01-19,-29.45 ,close out early to redeploy BP,
PAPER,AMZN,USD,0.30,2024-01-17,Put,200 ,155.00 ,2024-02-16,"1,582.53 ",,
PAPER,AMZN,USD,0.30,2024-01-19,Put,-200 ,150.00 ,2024-01-19,0.00 ,expired,
PAPER,GOOG,USD,0.30,2024-01-19,Put,-200 ,140.00 ,2024-01-19,-9.45 ,close out early to redeploy BP,
PAPER,DG,USD,0.30,2024-01-19,Put,200 ,135.00 ,2024-02-16,"1,042.54 ",,
PAPER,DG,USD,0.30,2024-01-24,Put,300 ,135.00 ,2024-02-16,"1,596.28 ",,
PAPER,MKC,USD,0.30,2024-01-25,Put,"-1,100 ",65.00 ,2024-02-16,-398.70 ,close out early to redeploy BP,
PAPER,CRWD,USD,0.30,2024-01-25,Put,200 ,300.00 ,2024-02-16,"2,512.52 ",,
PAPER,NTINV,CAD,0.00,2024-01-25,Cash,0 ,0.00 ,9999-12-31,"-3,000.00 ",Invest - FX Conversion,
PAPER,NTINV,USD,0.00,2024-01-25,Cash,0 ,0.00 ,9999-12-31,"2,186.10 ",Invest - FX Conversion,
PAPER,NTINV,CAD,0.00,2024-01-31,Cash,0 ,0.00 ,9999-12-31,"4,500.00 ",Short Term Juicing,
PAPER,GOOG,USD,0.30,2024-01-31,Put,200 ,150.00 ,2024-02-16,"1,472.53 ",,
LOC,LOC,CAD,0.00,2024-01-31,LOC,0 ,0.00 ,9999-12-31,"-4,500.00 ",LOC - Short Term Juicing,
LOC,LOC,CAD,0.00,2024-01-31,LOC,0 ,0.00 ,9999-12-31,"2,000.00 ",LOC - Regular Payments,
PAPER,GOOG,USD,0.30,2024-02-02,Put,200 ,150.00 ,2024-02-16,"1,572.53 ",,
PAPER,AMZN,USD,0.30,2024-02-02,Put,-200 ,155.00 ,2024-02-16,-31.45 ,close out early to redeploy BP,
PAPER,GOOG,USD,0.30,2024-02-02,Put,100 ,150.00 ,2024-02-16,688.79 ,,
PAPER,NTINV,CAD,0.00,2024-02-02,Cash,0 ,0.00 ,9999-12-31,600.00 ,Short Term Juicing,
LOC,LOC,CAD,0.00,2024-02-02,LOC,0 ,0.00 ,9999-12-31,-600.00 ,LOC - Short Term Juicing,
PAPER,NTINV,CAD,0.00,2024-02-08,Cash,0 ,0.00 ,9999-12-31,"-4,100.00 ",Short Term Juicing,
PAPER,CRWD,USD,0.30,2024-02-08,Put,-200 ,300.00 ,2024-02-16,-197.45 ,,
LOC,LOC,CAD,0.00,2024-02-08,LOC,0 ,0.00 ,9999-12-31,"4,100.00 ",LOC - Short Term Juicing,
PAPER,TTD,USD,0.30,2024-02-09,Put,800 ,70.00 ,2024-03-15,"4,065.01 ",,
PAPER,NKE,USD,0.30,2024-02-12,Put,-400 ,105.00 ,2024-02-16,-241.95 ,,
PAPER,RMD,USD,0.30,2024-02-12,Put,300 ,185.00 ,2024-03-15,"2,091.28 ",,
PAPER,TTD,USD,0.30,2024-02-12,Put,-800 ,70.00 ,2024-03-15,-166.85 ,,
PAPER,GOOG,USD,0.30,2024-02-16,Put,-500 ,150.00 ,2024-02-16,"-3,861.20 ",GOOG roll,
PAPER,GOOG,USD,0.30,2024-02-16,Put,500 ,150.00 ,2024-03-15,"4,238.76 ",GOOG roll,
PAPER,EL,USD,0.30,2024-02-16,Put,-300 ,145.00 ,2024-02-16,0.00 ,expired,
PAPER,DG,USD,0.30,2024-02-16,Put,-500 ,135.00 ,2024-02-16,0.00 ,expired,
PAPER,TTD,USD,0.30,2024-02-20,Put,700 ,90.00 ,2024-03-15,"4,886.26 ",,
PAPER,RMD,USD,0.30,2024-02-20,Put,200 ,185.00 ,2024-03-15,"1,492.53 ",,
PAPER,AMZN,USD,0.30,2024-02-20,Put,400 ,170.00 ,2024-03-15,"2,350.03 ",,
PAPER,AMZN,USD,0.30,2024-02-26,Put,-400 ,170.00 ,2024-03-15,-685.95 ,,
PAPER,DG,USD,0.30,2024-02-26,Put,500 ,145.00 ,2024-03-15,"5,563.75 ",,
PAPER,GOOG,USD,0.30,2024-02-29,Put,-500 ,150.00 ,2024-03-15,"-5,207.71 ",assigned and roll,
PAPER,GOOG,USD,0.30,2024-02-29,Put,500 ,150.00 ,2024-04-19,"5,538.75 ",assigned and roll,
LOC,LOC,CAD,0.00,2024-03-01,LOC,0 ,0.00 ,9999-12-31,"2,000.00 ",LOC - Regular Payments,
PAPER,DG,USD,0.30,2024-03-12,Put,400 ,160.00 ,2024-03-15,"2,229.03 ",,
PAPER,TTD,USD,0.30,2024-03-13,Put,-700 ,90.00 ,2024-03-15,"-6,251.11 ",assigned and roll,
PAPER,TTD,USD,0.30,2024-03-13,Put,700 ,90.00 ,2024-04-19,"6,706.24 ",assigned and roll,
PAPER,NTINV,CAD,0.00,2024-03-13,Cash,0 ,0.00 ,9999-12-31,"3,000.00 ",Margin Cover,
LOC,LOC,CAD,0.00,2024-03-13,LOC,0 ,0.00 ,9999-12-31,"-3,000.00 ",LOC - Margin Cover,
PAPER,DG,USD,0.30,2024-03-15,Put,-500 ,145.00 ,2024-03-15,0.00 ,expired,
PAPER,RMD,USD,0.30,2024-03-15,Put,-500 ,185.00 ,2024-03-15,0.00 ,expired,
PAPER,DG,USD,0.30,2024-03-15,Put,-400 ,160.00 ,2024-03-15,"-2,589.40 ",assigned and roll,
PAPER,DG,USD,0.30,2024-03-15,Put,400 ,160.00 ,2024-05-17,"3,770.01 ",assigned and roll,
PAPER,RMD,USD,0.30,2024-03-20,Put,400 ,190.00 ,2024-04-19,"2,830.02 ",,
PAPER,FTNT,USD,0.30,2024-03-21,Put,600 ,68.00 ,2024-04-19,"1,187.54 ",,
PAPER,TEAM,USD,0.30,2024-03-22,Put,200 ,190.00 ,2024-04-19,"1,252.53 ",,
LOC,LOC,CAD,0.00,2024-03-31,LOC,0 ,0.00 ,9999-12-31,"2,000.00 ",LOC - Regular Payments,
PAPER,GOOG,USD,0.30,2024-04-12,Put,-500 ,150.00 ,2024-04-19,-151.20 ,close out early to redeploy BP,
PAPER,ALGN,USD,0.30,2024-04-12,Put,300 ,300.00 ,2024-05-17,"4,821.26 ",close out early to redeploy BP,
PAPER,DG,USD,0.30,2024-04-16,Put,-400 ,160.00 ,2024-05-17,"-6,502.09 ",assigned and roll,
PAPER,DG,USD,0.30,2024-04-16,Put,400 ,160.00 ,2024-05-17,"6,309.99 ",assigned and roll,
PAPER,TTD,USD,0.30,2024-04-18,Put,-700 ,90.00 ,2024-04-19,"-5,949.13 ",assigned and roll,
PAPER,TTD,USD,0.30,2024-04-18,Put,700 ,90.00 ,2024-05-17,"7,686.23 ",assigned and roll,
PAPER,NTINV,CAD,0.00,2024-04-18,Cash,0 ,0.00 ,9999-12-31,"2,000.00 ",Margin Cover,
PAPER,RMD,USD,0.30,2024-04-18,Put,-400 ,190.00 ,2024-04-19,"-4,515.12 ",,
PAPER,RMD,USD,0.30,2024-04-18,Put,400 ,190.00 ,2024-05-17,"6,020.12 ",,
LOC,LOC,CAD,0.00,2024-04-18,LOC,0 ,0.00 ,9999-12-31,"-2,000.00 ",LOC - Margin Cover,
PAPER,TEAM,USD,0.30,2024-04-19,Put,-200 ,190.00 ,2024-04-19,0.00 ,expired,
PAPER,FTNT,USD,0.30,2024-04-23,Put,-600 ,68.00 ,2024-04-19,"-2,119.71 ",assigned and roll,
PAPER,FTNT,USD,0.30,2024-04-23,Put,600 ,68.00 ,2024-05-17,"3,347.52 ",assigned and roll,
PAPER,MNST,USD,0.30,2024-04-23,Put,600 ,55.00 ,2024-05-17,"1,457.53 ",,
PAPER,DG,USD,0.30,2024-04-26,Put,-400 ,160.00 ,2024-05-17,"-7,041.36 ",assigned and roll,
PAPER,DG,USD,0.30,2024-04-26,Put,400 ,160.00 ,2024-06-21,"7,509.98 ",assigned and roll,
PAPER,RMD,USD,0.30,2024-04-26,Put,-400 ,190.00 ,2024-05-17,-309.95 ,close early,
PAPER,ALGN,USD,0.30,2024-04-26,Put,-300 ,300.00 ,2024-05-17,-908.70 ,close early,
PAPER,NTINV,CAD,0.00,2024-04-26,Cash,0 ,0.00 ,9999-12-31,"-6,000.00 ",Margin Cover,
PAPER,TEAM,USD,0.30,2024-04-26,Put,300 ,180.00 ,2024-05-17,"2,211.28 ",,
LOC,LOC,CAD,0.00,2024-04-26,LOC,0 ,0.00 ,9999-12-31,"6,000.00 ",LOC - Margin Cover,
PAPER,ALGN,USD,0.30,2024-04-30,Put,300 ,290.00 ,2024-05-17,"2,746.32 ",,
LOC,LOC,CAD,0.00,2024-04-30,LOC,0 ,0.00 ,9999-12-31,"2,000.00 ",LOC - Regular Payments,
PAPER,FTNT2,USD,0.30,2024-05-03,Put,600 ,60.00 ,2024-05-17,"1,007.54 ",,
PAPER,FTNT,USD,0.30,2024-05-06,Put,-600 ,68.00 ,2024-05-17,"-4,873.09 ",assigned and roll,
PAPER,FTNT,USD,0.30,2024-05-06,Put,600 ,67.50 ,2024-06-21,"5,387.50 ",assigned and roll,
PAPER,FTNT,USD,0.30,2024-05-13,Put,-600 ,67.50 ,2024-06-21,"-5,029.69 ",assigned and roll,
PAPER,FTNT,USD,0.30,2024-05-13,Put,600 ,67.50 ,2024-06-21,"4,937.51 ",assigned and roll,
PAPER,ALGN,USD,0.30,2024-05-16,Put,-300 ,290.00 ,2024-05-17,"-4,208.70 ",rolled,
PAPER,ALGN,USD,0.30,2024-05-16,Put,300 ,290.00 ,2024-06-21,"5,601.25 ",rolled,
PAPER,TEAM,USD,0.30,2024-05-17,Put,-300 ,180.00 ,2024-05-17,0.00 ,expired,
PAPER,FTNT2,USD,0.30,2024-05-17,Put,-600 ,60.00 ,2024-05-17,0.00 ,expired,
PAPER,TTD,USD,0.30,2024-05-17,Put,-700 ,90.00 ,2024-05-17,0.00 ,expired,
PAPER,MNST,USD,0.30,2024-05-17,Put,-600 ,55.00 ,2024-05-17,"-1,261.81 ","assigned, rolled 4 days later",
PAPER,FTNT,USD,0.30,2024-05-21,Put,-600 ,67.50 ,2024-06-21,"-3,852.45 ",move to TXF,
PAPER,ALGN,USD,0.30,2024-05-21,Put,-300 ,290.00 ,2024-06-21,"-7,958.70 ",move to TXF,
PAPER,NTINV,USD,0.00,2024-05-21,Cash,0 ,0.00 ,9999-12-31,"-5,000.00 ",move cash to TXF,
PAPER,NTINV,USD,0.00,2024-05-21,Cash,0 ,0.00 ,9999-12-31,"-50,000.00 ",move cash to TXF,
PAPER,NTINV,USD,0.00,2024-05-21,Cash,0 ,0.00 ,9999-12-31,"-29,582.03 ",move cash to TXF,
TXF,NTINV,USD,0.00,2024-05-21,Cash,0 ,0.00 ,9999-12-31,"5,000.00 ",move cash from PAPER,
TXF,NTINV,USD,0.00,2024-05-21,Cash,0 ,0.00 ,9999-12-31,"50,000.00 ",move cash from PAPER,
TXF,FTNT,USD,0.30,2024-05-21,Put,600 ,67.50 ,2024-06-21,"3,831.51 ",move from PAPER,
TXF,ALGN,USD,0.30,2024-05-21,Put,300 ,290.00 ,2024-06-21,"7,879.08 ",move from PAPER,
PAPER,DG,USD,0.30,2024-05-22,Put,-400 ,160.00 ,2024-06-21,"-8,229.95 ",move to TXF,
TXF,NTINV,USD,0.00,2024-05-22,Cash,0 ,0.00 ,9999-12-31,"29,580.00 ",move cash from PAPER,
TXF,DG,USD,0.30,2024-05-22,Put,400 ,160.00 ,2024-06-21,"8,227.82 ",move from PAPER,
TXF,ALGN,USD,0.30,2024-05-22,Put,200 ,270.00 ,2024-06-21,"2,450.48 ",,
TXF,TEAM,USD,0.30,2024-05-22,Put,300 ,175.00 ,2024-06-21,"1,954.24 ",,
PAPER,MNST,USD,0.30,2024-05-23,Put,600 ,55.00 ,2024-06-21,"1,547.50 ",rolled,
PAPER,EW,USD,0.30,2024-05-23,Put,800 ,90.00 ,2024-06-21,"2,808.97 ",,
TXF,FTNT,USD,0.30,2024-05-29,Put,-600 ,67.50 ,2024-06-21,"-4,882.16 ",assigned and rolled,
TXF,FTNT,USD,0.30,2024-05-29,Put,600 ,67.50 ,2024-07-19,"4,635.42 ",assigned and rolled,
TXF,NTINV,CAD,0.00,2024-05-29,Cash,0 ,0.00 ,9999-12-31,"5,000.00 ",Invest - Pre Convert,
LOC,LOC,CAD,0.00,2024-05-30,LOC,0 ,0.00 ,9999-12-31,"2,000.00 ",LOC - Regular Payments,
TXF,NTINV,CAD,0.00,2024-05-31,Cash,0 ,0.00 ,9999-12-31,"20,000.00 ",Invest - Pre Convert,
TXF,NTINV,CAD,0.00,2024-05-31,Cash,0 ,0.00 ,9999-12-31,"-25,000.00 ",Invest - FX Conversion,
TXF,NTINV,USD,0.00,2024-05-31,Cash,0 ,0.00 ,9999-12-31,"18,024.92 ",Invest - FX Conversion,
TXF,AMZN,USD,0.30,2024-06-01,Put,200 ,180.00 ,2024-06-21,"1,194.51 ",,
TXF,DG,USD,0.30,2024-06-03,Put,-400 ,160.00 ,2024-06-21,"-9,620.42 ",assigned and switched to CRWD,
TXF,CRWD,USD,0.30,2024-06-03,Put,200 ,350.00 ,2024-06-21,"9,783.32 ",DG to CRWD,
TXF,NTINV,CAD,0.00,2024-06-04,Cash,0 ,0.00 ,9999-12-31,"12,500.00 ",Invest - Pre Convert,
TXF,DG,USD,0.30,2024-06-04,Put,200 ,140.00 ,2024-06-21,"1,190.51 ",,
TXF,ALGN,USD,0.30,2024-06-05,Put,-100 ,290.00 ,2024-06-21,"-3,695.86 ",assigned and rolled,
TXF,ALGN,USD,0.30,2024-06-05,Put,100 ,290.00 ,2024-07-19,"3,691.69 ",assigned and rolled,
TXF,CRWD,USD,0.30,2024-06-05,Put,-100 ,350.00 ,2024-06-21,"-1,643.20 ",CRWD to DG 50%,
TXF,DG,USD,0.30,2024-06-05,Put,200 ,145.00 ,2024-06-21,"2,090.49 ",CRWD to DG 50%,
TXF,ALB,USD,0.30,2024-06-06,Put,200 ,120.00 ,2024-06-21,"1,050.52 ",,
TXF,ALB,USD,0.30,2024-06-07,Put,300 ,115.00 ,2024-06-21,"1,054.27 ",,
TXF,NTINV,CAD,0.00,2024-06-07,Cash,0 ,0.00 ,9999-12-31,"10,000.00 ",Invest - Pre Convert,
TXF,DG,USD,0.30,2024-06-12,Put,-200 ,140.00 ,2024-06-21,"-3,129.45 ",roll,
TXF,DG,USD,0.30,2024-06-12,Put,200 ,140.00 ,2024-07-19,"3,150.46 ",roll,
TXF,DG,USD,0.30,2024-06-12,Put,-200 ,145.00 ,2024-06-21,"-4,049.45 ",roll,
TXF,DG,USD,0.30,2024-06-12,Put,200 ,145.00 ,2024-07-19,"4,070.43 ",roll,
TXF,NTINV,CAD,0.00,2024-06-13,Cash,0 ,0.00 ,9999-12-31,"10,000.00 ",Invest - Pre Convert,
TXF,ALB,USD,0.30,2024-06-13,Put,300 ,110.00 ,2024-06-21,"1,054.27 ",,
TXF,ALGN,USD,0.30,2024-06-18,Put,-200 ,290.00 ,2024-06-21,"-9,308.33 ",assigned and rolled,
TXF,ALGN,USD,0.30,2024-06-18,Put,200 ,290.00 ,2024-07-19,"9,390.28 ",assigned and rolled,
TXF,TEAM,USD,0.30,2024-06-18,Put,-300 ,175.00 ,2024-06-21,"-6,403.40 ",assigned and rolled,
TXF,TEAM,USD,0.30,2024-06-18,Put,300 ,175.00 ,2024-07-19,"6,499.11 ",assigned and rolled,
TXF,ALB,USD,0.30,2024-06-18,Put,-200 ,120.00 ,2024-06-21,"-4,130.88 ",assigned and rolled,
TXF,ALB,USD,0.30,2024-06-18,Put,200 ,120.00 ,2024-07-19,"4,150.43 ",assigned and rolled,
TXF,NTINV,CAD,0.00,2024-06-18,Cash,0 ,0.00 ,9999-12-31,"15,000.00 ",Margin Cover,
LOC,LOC,CAD,0.00,2024-06-18,LOC,0 ,0.00 ,9999-12-31,"-15,000.00 ",LOC - Margin Cover,
TXF,NTINV,CAD,0.00,2024-06-20,Cash,0 ,0.00 ,9999-12-31,"4,000.00 ",Margin Cover,
TXF,ALB,USD,0.30,2024-06-20,Put,-300 ,115.00 ,2024-06-21,"-5,875.70 ",assigned and rolled,
TXF,ALB,USD,0.30,2024-06-20,Put,300 ,115.00 ,2024-07-19,"5,959.13 ",assigned and rolled,
TXF,ALGN,USD,0.30,2024-06-20,Put,-200 ,270.00 ,2024-06-21,"-6,212.63 ",assigned and rolled,
TXF,ALGN,USD,0.30,2024-06-20,Put,200 ,270.00 ,2024-07-19,"6,290.37 ",assigned and rolled,
PAPER,MNST,USD,0.30,2024-06-20,Put,-600 ,55.00 ,2024-06-21,"-3,809.22 ",rolled,
PAPER,MNST,USD,0.30,2024-06-20,Put,600 ,55.00 ,2024-07-19,"3,617.44 ",rolled,
LOC,LOC,CAD,0.00,2024-06-20,LOC,0 ,0.00 ,9999-12-31,"-4,000.00 ",LOC - Margin Cover,
TXF,NTINV,CAD,0.00,2024-06-21,Cash,0 ,0.00 ,9999-12-31,"19,500.00 ",Invest - Pre Convert,
TXF,NVDA,USD,0.30,2024-06-21,Put,500 ,120.00 ,2024-07-19,"2,011.74 ",assigned and rolled,
PAPER,EW,USD,0.30,2024-06-21,Put,-800 ,90.00 ,2024-06-21,0.00 ,expired,
TXF,CRWD,USD,0.30,2024-06-21,Put,-100 ,350.00 ,2024-06-21,0.00 ,expired,
TXF,AMZN,USD,0.30,2024-06-21,Put,-200 ,180.00 ,2024-06-21,0.00 ,expired,
TXF,ALB,USD,0.30,2024-06-21,Put,-300 ,110.00 ,2024-06-21,0.00 ,fake roll as holding stock,
TXF,ALB,USD,0.30,2024-06-21,Put,300 ,110.00 ,2024-07-19,0.01 ,fake roll as holding stock,
PAPER,MNST,USD,0.30,2024-06-24,Put,-600 ,55.00 ,2024-07-19,"-3,380.49 ",move to TXF,
TXF,MNST,USD,0.30,2024-06-24,Put,600 ,55.00 ,2024-07-19,"3,285.45 ",move from PAPER,
TXF,FTNT,USD,0.30,2024-06-24,Put,-500 ,67.50 ,2024-07-19,"-4,490.71 ",assigned and rolled,
TXF,FTNT,USD,0.30,2024-06-24,Put,500 ,67.50 ,2024-08-16,"4,686.66 ",assigned and rolled,
TXF,NTINV,CAD,0.00,2024-06-24,Cash,0 ,0.00 ,9999-12-31,"3,000.00 ",Invest - Pre Convert,
TXF,NVDA,USD,0.30,2024-06-24,Put,300 ,110.00 ,2024-07-19,919.27 ,,
PAPER,NTINV,USD,0.00,2024-06-25,Cash,0 ,0.00 ,9999-12-31,"-32,433.80 ",move cash to TXF,
TXF,NTINV,USD,0.00,2024-06-25,Cash,0 ,0.00 ,9999-12-31,"32,530.00 ",move cash from PAPER,
TXF,NTINV,CAD,0.00,2024-06-25,Cash,0 ,0.00 ,9999-12-31,"-19,000.00 ",Margin Cover,
LOC,LOC,CAD,0.00,2024-06-25,LOC,0 ,0.00 ,9999-12-31,"19,000.00 ",LOC - Margin Cover,
TXF,ALB,USD,0.30,2024-06-26,Put,-200 ,120.00 ,2024-07-19,"-4,636.94 ",assigned and rolled to lower strike +1 opt,
TXF,ALB,USD,0.30,2024-06-26,Put,300 ,115.00 ,2024-07-19,"4,670.13 ",assigned and rolled to lower strike +1 opt,
TXF,ALGN,USD,0.30,2024-06-26,Put,-300 ,290.00 ,2024-07-19,"-14,133.09 ",assigned and rolled to lower strike +3 opt,
TXF,ALGN,USD,0.30,2024-06-26,Put,600 ,265.00 ,2024-07-19,"14,175.15 ",assigned and rolled to lower strike +3 opt,
TXF,NTINV,CAD,0.00,2024-06-28,Cash,0 ,0.00 ,9999-12-31,"25,000.00 ",Invest - Pre Convert,
TXF,LULU,USD,0.30,2024-06-28,Put,200 ,305.00 ,2024-07-19,"1,840.49 ",,
LOC,LOC,CAD,0.00,2024-06-29,LOC,0 ,0.00 ,9999-12-31,"2,000.00 ",LOC - Regular Payments,
TXF,NTINV,CAD,0.00,2024-07-02,Cash,0 ,0.00 ,9999-12-31,"10,000.00 ",Invest - Pre Convert,
TXF,HRL,USD,0.30,2024-07-02,Put,"1,200 ",31.00 ,2024-07-19,"1,078.01 ",,
TXF,ALB,USD,0.30,2024-07-02,Put,-300 ,110.00 ,2024-07-19,0.00 ,assigned - keeping shares,
TXF,ALB,USD,0.30,2024-07-02,Stk,300 ,,,"-33,010.70 ",writing calls on shares that were assigned,
TXF,ALB,USD,0.00,2024-07-02,Int / Tax,0 ,110.00 ,,244.29 ,covered call proceeds,
TXF,NVDA,USD,0.30,2024-07-03,Put,-300 ,110.00 ,2024-07-19,-124.70 ,closing early,
TXF,FTNT,USD,0.30,2024-07-05,Put,-100 ,67.50 ,2024-07-19,-628.44 ,rolled,
TXF,FTNT,USD,0.30,2024-07-05,Put,100 ,67.50 ,2024-08-16,728.96 ,rolled,
TXF,ALB,USD,0.30,2024-07-10,Put,-600 ,115.00 ,2024-07-19,"-11,001.37 ",assigned and rolled ,
TXF,ALB,USD,0.30,2024-07-10,Put,600 ,115.00 ,2024-08-16,"11,685.22 ",assigned and rolled,
TXF,NVDA,USD,0.30,2024-07-10,Put,-500 ,120.00 ,2024-07-19,-188.20 ,close early,
TXF,CRWD,USD,0.30,2024-07-10,Put,200 ,372.50 ,2024-07-19,"2,140.49 ",,
TXF,DG,USD,0.30,2024-07-10,Put,-200 ,145.00 ,2024-07-19,"-3,736.63 ",assigned and rolled ,
TXF,DG,USD,0.30,2024-07-10,Put,200 ,145.00 ,2024-09-20,"3,810.44 ",assigned and rolled,
TXF,ALGN,USD,0.30,2024-07-10,Put,-200 ,270.00 ,2024-07-19,"-4,777.54 ",rolled early,
TXF,ALGN,USD,0.30,2024-07-10,Put,200 ,270.00 ,2024-08-16,"6,113.41 ",rolled early,
TXF,NTINV,CAD,0.00,2024-07-11,Cash,0 ,0.00 ,9999-12-31,"-15,000.00 ",Invest - Pre Convert,
TXF,NTINV,CAD,0.00,2024-07-12,Cash,0 ,0.00 ,9999-12-31,"17,000.00 ",Invest - Pre Convert,
TXF,NKE,USD,0.30,2024-07-12,Put,400 ,75.00 ,2024-08-16,"1,004.02 ",,
TXF,NTINV,CAD,0.00,2024-07-16,Cash,0 ,0.00 ,9999-12-31,"-2,000.00 ",Invest - Pre Convert,
TXF,ALGN,USD,0.30,2024-07-16,Put,-600 ,265.00 ,2024-07-19,"-12,055.49 ",assigned and rolled,
TXF,ALGN,USD,0.30,2024-07-16,Put,600 ,260.00 ,2024-08-16,"15,105.12 ",assigned and rolled,
TXF,MNST,USD,0.30,2024-07-17,Put,-600 ,55.00 ,2024-07-19,"-2,572.25 ",taking loss to close and move into AMZN,
TXF,FTNT,USD,0.30,2024-07-17,Put,-600 ,67.50 ,2024-08-16,"-5,414.45 ",taking loss to close and move into AMZN,
TXF,AMZN,USD,0.30,2024-07-17,Put,300 ,210.00 ,2024-08-16,"7,489.09 ",moved MNST and FTNT here,
TXF,ALB,USD,0.30,2024-07-17,Put,-600 ,115.00 ,2024-08-16,"-13,033.74 ",made mistake with ENPH,
TXF,ALB,USD,0.30,2024-07-17,Put,600 ,115.00 ,2024-08-16,"12,345.20 ",made mistake with ENPH,
TXF,NTINV,CAD,0.00,2024-07-18,Cash,0 ,0.00 ,9999-12-31,"10,000.00 ",Invest - Pre Convert,
TXF,DG,USD,0.30,2024-07-18,Put,-200 ,140.00 ,2024-07-19,"-3,813.08 ",taking loss to close and move into AMZN & TTD,
TXF,DG,USD,0.30,2024-07-18,Put,-200 ,145.00 ,2024-09-20,"-4,409.45 ",taking loss to close and move into AMZN & TTD,
TXF,AMZN,USD,0.30,2024-07-18,Put,100 ,210.00 ,2024-08-16,"2,691.72 ",moved DG here,
TXF,TTD,USD,0.30,2024-07-18,Put,400 ,110.00 ,2024-08-16,"5,960.92 ",moved DG here,
TXF,HRL,USD,0.30,2024-07-19,Put,"-1,200 ",31.00 ,2024-07-19,0.00 ,expired,
TXF,TEAM,USD,0.30,2024-07-19,Put,-300 ,175.00 ,2024-07-19,0.00 ,expired,
TXF,CRWD,USD,0.30,2024-07-19,Put,-200 ,372.50 ,2024-07-19,"-14,248.35 ",assigned and rolled,
TXF,CRWD,USD,0.30,2024-07-19,Put,200 ,370.00 ,2024-10-18,"13,990.16 ",assigned and rolled,
TXF,LULU,USD,0.30,2024-07-19,Put,-200 ,305.00 ,2024-07-19,0.00 ,assigned - keeping shares,
TXF,LULU,USD,0.30,2024-07-19,Stk,200 ,,,"-61,009.45 ",writing calls on shares that were assigned,
TXF,EW,USD,0.30,2024-07-19,Put,400 ,95.00 ,2024-08-16,"3,507.95 ",,
TXF,NTINV,CAD,0.00,2024-07-19,Cash,0 ,0.00 ,9999-12-31,"25,000.00 ",Short Term Juicing,
LOC,LOC,CAD,0.00,2024-07-19,LOC,0 ,0.00 ,9999-12-31,"-25,000.00 ",LOC - Short Term Juicing,
TXF,NTINV,CAD,0.00,2024-07-22,Cash,0 ,0.00 ,9999-12-31,"-20,000.00 ",Short Term Juicing,
TXF,TEAM,USD,0.30,2024-07-22,Put,200 ,175.00 ,2024-08-16,"2,230.48 ",expired,
TXF,ALB,USD,0.00,2024-07-22,Int / Tax,0 ,110.00 ,,418.28 ,covered call proceeds,
LOC,LOC,CAD,0.00,2024-07-22,LOC,0 ,0.00 ,9999-12-31,"20,000.00 ",LOC - Short Term Juicing,
TXF,ALB,USD,0.00,2024-07-23,Int / Tax,0 ,115.00 ,,357.53 ,"""straddle"" call proceeds",
TXF,LULU,USD,0.00,2024-07-25,Int / Tax,0 ,305.00 ,,526.53 ,covered call proceeds,
TXF,ALGN,USD,0.30,2024-07-25,Put,-200 ,270.00 ,2024-08-16,"-7,609.45 ",rolled early,
TXF,ALGN,USD,0.30,2024-07-25,Put,200 ,270.00 ,2024-09-20,"7,830.33 ",rolled early,
TXF,NTINV,CAD,0.00,2024-07-25,Cash,0 ,0.00 ,9999-12-31,"24,000.00 ",Margin Cover,
LOC,LOC,CAD,0.00,2024-07-25,LOC,0 ,0.00 ,9999-12-31,"-24,000.00 ",LOC - Margin Cover,
TXF,NTINV,CAD,0.00,2024-07-26,Cash,0 ,0.00 ,9999-12-31,"2,500.00 ",Margin Cover,
TXF,CRWD,USD,0.30,2024-07-26,Put,-200 ,370.00 ,2024-10-18,"-23,173.82 ",assigned and rolled,
TXF,CRWD,USD,0.30,2024-07-26,Put,200 ,370.00 ,2024-11-15,"23,209.90 ",assigned and rolled,
LOC,LOC,CAD,0.00,2024-07-26,LOC,0 ,0.00 ,9999-12-31,"-2,500.00 ",LOC - Margin Cover,
TXF,EW,USD,0.30,2024-07-29,Put,-400 ,95.00 ,2024-08-16,0.00 ,,
TXF,EW,USD,0.30,2024-07-29,Stk,400 ,,,"-38,011.95 ",,
LOC,LOC,CAD,0.00,2024-07-29,LOC,0 ,0.00 ,9999-12-31,"2,000.00 ",LOC - Regular Payments,
